Participant,Parent Node,Child Node 1,Child Node 2,Quotes,Summary of Child Node 1,Summary of Child Node 2
KII_P7,Heat Exposure, Air-conditioned,," “It's quite natural that heat effects are more in urban areas. The pressure from traffic, then the emitted gases, smoke, engine heat.”",,
FGD2_P6,Heat Exposure, Building roof ypes,,Some tin-shed houses in densely populated areas don't get airflow.,,
FGD2_P2, Heat Exposure, Buildings Roof types,,My roof is made of tin.,,
FGD2_P3, Heat Sensitivity, Children,,Children suffer the most during the heat. They catch colds easily.,,
KII_P8,Heat Sensitivity, Children,,"At the same time, children are also affected. When children go to school in extreme heat, they often fall sick. We regularly see that in schools and colleges, whether they are high-standard schools or lower-tier schools, suffocation is a common issue. Schools are being structured in such a way that they are becoming AC-dependent. Those that cannot afford AC are relying solely on fans. But with frequent electricity outages, fans stop working. In places where AC is used but electricity is not available, the AC does not function, leading to suffocation for everyone.",,
FGD2_P7,adaptive capacity," Donating Water, Saline, and Juice",,"If I feel thirsty and the shops are closed, I can always go to someone’s house and ask for water, they will give it to me.",,
"FGD3_P9, P1",Heat sensitivity," Elderly, Children",, Children and the elderly. It affects children the most. Children and older people suffer the most,,
FGD4_P6,Psychological Responses, Fatalistic Belief,, “That heat is given by Allah. It’s just there or not.”,,
FGD-6_p1,Heat Exposure, Household Cooking,," “Due to frequent load shedding in the heat, women mostly stay home and cook, which leads to sweating, causing more problems.”",,
FGD2_P7, Other Recommendations, Individual responsibilities,,"P7: If someone in front of me suddenly falls sick, it’s my responsibility to help them.",,
"FGD3_P4, P9", Barriers to Coping Heat, less green spaces. Less blue spaces,," In another 10 years, we probably won’t have this kind of environment anymore. Everything here will turn into buildings. The open spaces, the water bodies, they’ll all be gone.",,
"FGD3_P1,P8,P9", Heat Exposure, Neighbourhood Characteristics,, There’s no rental housing in this area. None at all.  And factories are far away. There are no mills or factories in this area.,,
FGD3_P9, Health Impact, Physical Health,"Diarrhea, Cholera",Diarrhea is rare here.,,
FGD2_P2,Health Impact, Physical Health,"Exhaustion, Tired, Low energy",Weakness—physical weakness,,
FGD2_P7,Health Impact, Physical Health,"Fever, cold","For example, suddenly catching a cold from the heat, then getting a fever afterward.",,
FGD2_P7,Health Impact, Physical Health,Headaches,"Often, I get headaches.",,
FGD2_P7,Health Impact, physical Health,Other( Stomach issues),"Yes, 1 or 2 people sometimes have stomach issues.",,
"FGD3_P9,P6",Health Impact, Physical Health,"COLD, Fever,COVID"," Fever, colds, and small heat rashes like prickly heat. Sometimes the itching gets so bad they need medical attention. people scratching. Allergies have become more common. The whole body sometimes breaks out in rashes like prickly heat, then comes fever, then cold symptoms, and they end up needing medical care. This happens frequently in many homes.",,
FGD2_P2,Health Impact," Physical Health, Adaptive Capacity","Fever, Medicine","I catch a cold and get a fever. Then I take medicine, recover, and resume my business. That’s how it goes.",,
FGD3_P1, Heat exposure, population density,, The outer areas are more densely populated.,,
FGD3_P7, Heat Exposure, Population Density,,The population density is low.,,
"FGD3_P4,P5,P8,P9",Other Recommendations, Responsible Authorities,,"The people in our area are very far from government services. They could provide a water supply. If there’s a water tap on the road, it would be very helpful for the people. Okay, so a water tap on the road would be useful. From here to the airport is 5 kilometers, but we haven’t received any government services. The airport is so close.",,
KII_P7,Other Recommendations, Responsible Authorities,,"“Yes, we have some work related to this in the Ministry of Health. We have a cell called the Climate Change Health Promotion Unit. You can go there and talk to them. It’s actually related to environmental disaster management, climate change, and public health, all of which are closely connected, right? Climate change is a major issue for us, especially because Bangladesh is highly prone to disasters. There are cyclones, tornadoes, floods, flash floods, river erosion, and riverbank collapses, which are regular occurrences here, and they pose subsequent health risks. Dealing with these public health challenges is a very important task. For example, excessive rainfall leads to a dengue outbreak, floods cause diarrhoea, malaria, and cholera outbreaks. Therefore, every disaster, every natural calamity results in public health management that must follow.”",,
"FGD3_P1,P2,P8",Heat Exposure, Seasonal Variation,," During Chaitra (March-April). Chaitra, Baishakh, and Joishtho (March to May)—those three months are the hottest. The weather itself has changed a lot. It’s unpredictable now. Sometimes it’s cold during the hot season, and hot during the cold season.",,
FGD2_P7,Heat Exposure, Tree Cover,,We grow vegetables on our roof.,,
FGD3_P1,Heat Exposure, Tree Cover,," If it gets too hot, you can sit under the trees. How will the heat bother you then?",,
FGD2_P3,Barriers to Coping Heat, Unavailability of government services,,There is no big hospital on our side.,,
FGD2_P3,Barriers to Coping Heat, Unavailability of government services,,Is there any water arrangement from the government or any other organization? Any access to clean drinking water?,,
"FGD3_P9,P4,P5",Heat Exposure, Waste and Stagnant water,,But this environment has been deteriorating this year. Look at the garbage and dirty water it has ruined everything here.,,
FGD2_P7, Adaptive Capacity," Water, saline",,"When they fainted, we gave them cold water and saline, helped them recover, and then sent them home. Such incidents have happened",,
"FGD2_P2,P3,P6",Recommended Adaptation Strategies,Access to Safe Drinking Water,,"Yes, that would be much better.Now, it’s just that they come with a truck, distribute it, and leave",,
FGD2_P3,Recommended Adaptation Strategies,Access to Safe Drinking Water,,"But if there were a permanent setup, the water would always be available.",,
"FGD2_P7,P6,P2,P3",Recommended Adaptation Strategies,Access to Safe Drinking Water,,"Yes, absolutely, it should be kept available.",,
FGD2_P8,Recommended Adaptation Strategies,Access to Safe Drinking Water,,"That’s a harmful side of it. But if they can manage it, it would be wonderful. It would give regular people a chance to benefit directly",,
FGD6_P6,Recommended Adaptation Strategies,Access to Safe Drinking Water,, “It would be good for everyone if such arrangements were made.”,,
FGD6_P6,Recommended Adaptation Strategies,Access to Safe Drinking Water,,“It should be publicly accessible to everyone.”,,
FGD6_P6,Recommended Adaptation Strategies,Access to Safe Drinking Water,," “For example, in our market, if two water tanks could be arranged at two key intersections, it would be great. We could maintain those tanks ourselves, but if someone could install them, connect them with tube wells, and ensure the water is cool, it would be helpful for everyone, especially during summer. People passing by could drink cold water without buying a bottle for 15-20 taka. Having two tanks at the two ends of the market would allow everyone to benefit. Even those who can’t afford to buy water could quench their thirst and carry on with their work.”",,
FGD-9_P1,Recommended Adaptation Strategies,Access to Safe Drinking Water,,"As I think, maybe the buildings being constructed now, those cannot be demolished. But if something can be done for us, for example, installing a tank every 1 to 2 kilometers, with glass and always locked. At least, if someone is thirsty, it would help a little. They could drink water and feel relieved.",,
KII_P6,Recommended Adaptation Strategies,Access to Safe Drinking Water,,"But if you think realistically, it can start by giving them a bottle of water or making them aware that they need to drink a certain amount of water and ensuring they refill it. Or you can say that it’s fine to drive a rickshaw during certain hours, like from 8 am to 10 am when the sun is down, but after 12 pm to 2 pm, they should take a break every 10 minutes and stay hydrated. These messages are very important.",,
KII_P6,Recommended Adaptation Strategies,Access to Safe Drinking Water,,"“And heat stress doesn’t happen every day. In summer, your temperature will be high; it’s normal in our tropical environment, and our bodies are acclimatized. But there’s a limit, like you said, above 36, 37, or 38 degrees, you observe it, and you say the temperature will stay above 40 degrees for the next two weeks. That’s when you support these people. You give the news, make sure the news channels are going there. And if you’re talking about incentives and subsidies, maybe we are working from home, but if you ask rickshaw pullers to work from home, how will they survive? Or for daily laborers, how will they survive? What you can do, as a citizen, is provide basic support services from the city end. For example, water treatment. You ensure that every rickshaw puller who stays in a slum or garage has access to good water treatment, a filter. Make sure that every rickshaw puller can access water from there. There was a time when they used to get water for free from a local shop, but now they have to pay five taka for a glass of water. I studied that for outdoor laborers, it’s standard to drink eight ounces of water every after 20 minutes. When calculated, this is around five liters of water per day. For us, three to three and a half liters is fine, but for outdoor laborers, a minimum of four to five liters is standard. And in my research, I found that 93% of my respondents were unable to meet this basic need. So, dehydration, rehydration, anxiety, and the impact on their income, these have a big impact. And that’s what my data says. It’s not something I made up, and I’m getting support for this from both the literature and my own data.”",,
"FGD3_P1,P5,P6",Recommended Adaptation Strategies ,Access to Safe Drinking Water,,It would be good. It would be good for everyone.,,
KII_P5,Adaptive capacity,Air Conditioning,,"The first issue regarding temperature is that there is a significant change in our lifestyle, right? Our lifestyle is changing. We have now become dependent on air conditioning. I mean, we can no longer stay dependent on the natural environment. We have completely shifted to being artificially dependent on this, right? So, this is definitely a big change in our lifestyle from every aspect.","Lifestyles have changed significantly in recent years. Air conditioners were once considered a luxury, but they have increasingly become a means of coping with extreme heat, particularly for families that can afford to install them in their homes. Those who cannot afford an air conditioner sometimes visit air-conditioned shops or markets to get temporary relief from the heat.",
FGD2_P1,Adaptive Capacity,Air conditioning,,I need to use the AC.,,
FGD5_P2,Adaptive capacity,Air conditioning,,“We take them to any shop with AC and let them rest there for a while. (Others agree.)”,,
FGD5_P2,Adaptive capacity,Air conditioning,,“It depends on one’s financial capacity. (Another participant speaks in the background.) Everyone has fans at home. Some even have air conditioners. That’s about it.”,,
FGD5_P5,Adaptive capacity,Air conditioning,,"“If someone falls sick, there’s an air-conditioned market nearby, where we take them for a while. (Several responded nods positively)”",,
FGD7_P10,Adaptive capacity,Air conditioning,,Install one AC for every building with five or six stories. That will make it less hot at night.,,
KII_P10,Adaptive capacity,Air conditioning,,"“And one major problem we have is with heat-related health data, that’s the biggest challenge for us.”",,
KII_P2,Heat Sensitivity,Animals and Birds,,"This is a huge gap. We can talk about Europe in the context of climate change, like how many weeks earlier or later birds are laying eggs. But in our country, we don't research such problems with birds.",,
KII_P6,Stakeholder Responsibility,Authorative action,,"And the biggest problem is that you just generate the message and you're done with your duty. But that's not the case. How do we build capacity? These people are facing heat, and what precautionary measures can be taken alongside it? Who is responsible for the dissemination of this information? These were the things I was working on for my thesis. Which stakeholder will actually do these things? Now, when I talk to DNCC, they say it's the Ministry's job, and the Ministry says it's someone else's job. It's just a game they play!",,
KII_P6,Heat Perception,Availability of Data on Heat,,"From 2005, when our adaptation or climate change policies started coming up, I mean, the last NAP that came out in 2022, before that, heat was never significantly or separately mentioned anywhere. Everywhere it was just talking about temperature increase, temperature rise. In a couple of places, it says heat will increase, temperature will rise. So, the first focus on heat, I think, happened in the 2022 NAP. There, it separately mentioned how much employment or GDP impacts will come due to heat. So, if you look at the other impacts or disasters that have been happening historically in Bangladesh, cyclones, floods, there has been a lot of study and research. But regarding heat, when they faced the impact around 2016-17, and in 2023 we hit the maximum, and in 2024, it became even higher, I was looking at a report that day. That’s when the studies started increasing. But it's not like we didn't predict this. In the summer, the temperature was rising.",,
KII_P6,Heat Perception,Availability of Data on Heat,,"Now, the problem is, when I went to BMD for data, it was very challenging for me. Because their historical data, they couldn’t produce it like that. And the biggest issue is, we don't have any particular definition of which data will be considered a heat wave or a heat index, and when to say that this is the start of a heat wave.",,
KII_P6,Heat Perception,Availability of Data on Heat,,"As you see, the heat issue is a physical environment issue, so predicting it is not an easy task. But what you can do is use neighboring regions as reference values. So far, in Bangladesh, I haven’t seen any literature or any definition that clearly states that if it’s within a certain range, we call it a heat wave.",,
KII_P6,Heat Perception,Availability of Data on Heat,Recommendation,"One thing we could do is if we look at data quality, from that perspective, I had some opportunities working at ICDDRB. The way they maintain data and use it as a resource is very effective. So, when you actually practice with the data, you fall into an accountable system where you know that some researcher will use this data for research, so you need to maintain it well. But how much access do we really have to BMD data? Researchers in the math community face bureaucratic processes—this has to be done, that has to be done, write a letter, make a call. We have to make these processes faster, simpler—how can we simplify it? Especially for those in academia or research. So, if we can do that, ultimately they will be accountable within the system, understanding that this data is important. These data will be useful for something, so we need to store them or build internal capacity for such things. This falls under institutional capacity. And if they want support, I believe there are many organizations here ready to provide such support, like data banks, to help maintain the data. But the key is that it must be open—the openness part is important",,
KII_P6,Heat Perception,Availability of Data on Heat,Recommendation,"That's why I mentioned that external support will be needed, the openness part. There's a difference between saying ""I don't have it, I won't do it"" and saying ""I don't have it, I admit it, and if you want, you can support me."" So, the question is where the support will come from. If I don't evaluate myself—what resources I have, not only my equipment but also the manpower—how well-trained and educated my manpower is. I wouldn't quote this, but I have heard this kind of thing",,
KII_P6,Heat Perception,Availability of Data on Heat,Recommendation,"Expertise was not there. Yet, deciding whom to appoint where is also important. If you appoint a literature person to a sensitive area like this, their thought process will stay in that domain, and there will be no progress. To put it simply, that's the situation. But if you appoint someone who is research-centric, interested, and willing to work, such a person can bring about the change within the system. So, where we appoint people, and which resources we allocate to whom, that’s very important. And as I said, without external support, none of us can work alone. I mean, in the context of Bangladesh, that's not possible. Because, no matter what you say, we always need external support for every development in Bangladesh. You can say we have the capacity, we might just need training, or we might need resources. But the openness should exist. And in the case of BMD, I’d say, they don’t have the blaming attitude like, “It’s the ministry’s responsibility, so you call them.”",,
KII_P6,Heat Perception,Availability of Data on Heat,,"It's a very good question because the thing is, the relationships are something that we are still doing some research on. But I’m sorry to say, from the papers I’ve been reading, everything that's happening, like the special analysis of Dhaka City, land use is increasing the heat. That’s fine, that’s good, that’s one way. But the thing is, localizing that data and raising awareness among local people about heat, such data is very rare. Perhaps some work from BRAC, some work from ICDDRB, you might find in their hospitals. Why I’m saying this is because I worked at ICDDRB for a while on the Initiative for Climate Change and Health. So, what we were doing there, we were working on air pollution and pregnancy outcomes. Believe me, when we went to the hospitals, we couldn't find any significant relationships on how we would relate it. Some data we got from the hospitals where things were monitored, but in bigger hospitals, they couldn’t do this. But recently, ICDDRB has been looking at how the rate of diarrheal diseases is during the summer, and they are trying to relate that. So, what I said about understanding interconnectivity is now becoming the time to understand which one connects with what. When we say that climate change is happening, Bangladesh is the most vulnerable country, this statement has been repeated so much. Everywhere you’ll see in reports that Bangladesh is the most vulnerable. The question is why? When you go to an international conference, like at COP or any top conferences, people say that this is happening, but if you can’t bring solid evidence, it will draw more attention.",,
KII_P6,Heat Perception,Availability of Data on Heat,,"Regarding heat, you will be lost. Honestly, I can tell you that you won’t find better data than 12 to 14. There is no literature like this. So, whatever you do regarding heat is going to be a good thing, for everyone.",,
FGD2_P6,Barriers to Coping Heat,Availability of Drinking Water,,"Since we’re on the road, we can't do anything without water.","During periods of extreme heat, drinking adequate water is one of the major coping mechanisms for people. However, participants mentioned their barriers to safe drinking water. Most of the time, the water supplied by WASA has a bad odor, like a bleaching smell, and it contains iron and is not drinkable. But people are left with no other choice but to drink the water. One Key participant confirmed the claims of the participants that clean water is often out of reach for the people living in certain areas of Dhaka city, highlighting the inequality in basic needs of different socio-economic classes of the city. City corporations had introduced outdoor water supply facilities for pedestrians in certain areas as part of heat adaptation efforts. However, these facilities were perceived to be limited in coverage and unavailable in many locations across the city. Participants explained that, during travel or periods of heat-related discomfort, access to drinking water often depended on purchasing bottled water, which was considered a financial burden for lower-income populations. As a coping strategy, many individuals reported carrying water while traveling or working outdoors to stay hydrated and manage the effects of extreme heat.",
FGD2_P1,Barriers to coping heat,Availability of Drinking Water,,"The heat causes a lot of suffering, many people come to pharmacies due to illness caused by the heat. If there was a good water facility or drinking water arrangement, that would help a lot.",,
FGD2_P6,Barriers to Coping Heat,Availability of Drinking Water,,"We drink whatever is available. Whether it's purified or not, we don’t have the time to worry about that.",,
"FGD3_P1,P2,P3",Barriers to Coping Heat,Availability of Drinking Water,,"We carry water from home in bottles. You have to carry water from home? Yes, we carry it in bottles. Is there no provision for drinking water outside? No, there isn’t.",,
FGD6_P2,Barriers to Coping Heat,Availability of Drinking Water,,"“Right now, we often can't wash our hands or face on time due to a lack of water or electricity. It feels quite inconvenient—no water, nothing at all.”",,
FGD6_P4,Barriers to Coping Heat,Availability of Drinking Water,,“There’s no public water supply outside on the street.”,,
FGD6_P7,Barriers to Coping Heat,Availability of Drinking Water,,"“The City Corporation arranged for some facilities in different areas, but not in our area.”",,
FGD8_P9,Barriers to Coping Heat,Availability of Drinking Water,,"The water contains iron and smells bad, so we can’t drink it.",,
FGD-9_P4,Barriers to Coping Heat,Availability of Drinking Water,,"Imagine a person driving a vehicle they feel thirsty, but there’s no place to stop and drink water. Either they have to go to a hotel or buy a bottled water like ""Mam"" water. And even that costs 20 taka. Now, if their income is low, think about how difficult it is.",,
FGD-9_P8,Barriers to Coping Heat,Availability of Drinking Water,,"The water from the government line has a bleaching smell, and it’s often dirty. You can’t even put it in your mouth sometimes.",,
FGD-9_P9,Barriers to Coping Heat,Availability of Drinking Water,,"Is there any provision for water outside? Like a public tap or water motor for travelers or anyone who might need a drink? No, there’s nothing like that here.",,
FGD-9_P9,Barriers to Coping Heat,Availability of Drinking Water,,"Yes, I’ve noticed that whether you’re a tenant or a house owner, there’s no issue, there’s no topic, and everyone is a citizen of Bangladesh, right? While walking down the road, suppose an uncle becomes sick, he might look healthy, but could have Diabetes or something. Walking on the road or riding a rickshaw, there’s no water system on the street, no water points either.",,
KII_P3,Barriers to Coping Heat,Availability of Drinking Water,,"We have observed that they suffer from a lack of access to clean drinking water, and due to the absence of shade, they do not have a place to escape the heat",,
FGD8_P5,Adaptive capacity,Availability of Healthcare Facilities,,"There’s an ""Alo Clinic"" now. we go there. Otherwise, we go to Mitford Hospital.", ,
"FGD3_P5,P1",Adaptive Capacity,Availability of Healthcare Facilities,,"There is less density of houses here. There’s less pressure, fewer houses",,
FGD-8_P5,Adaptive capacity,Availability of Healthcare Facilities,,"There’s an ""Alo Clinic"" now. we go there. Otherwise, we go to Mitford Hospital.",,
FGD-9_P4,Adaptive capacity,Availability of Healthcare Facilities,,There are pharmacies where people consult and get medicines.,,
FGD-9_P9,Adaptive capacity,Availability of Healthcare Facilities,,"This area, like you mentioned, has Alo Clinic. Yesterday, I saw people coming all the way from across the river to this clinic.",,
FGD-9_P9,Adaptive capacity,Availability of Healthcare Facilities,,"In severe cases, we have to take them to a medical hospital.",,
KII_04_D,Adaptive capacity,Availability of Healthcare Facilities,,"Also, our facilities have improved. Now, as soon as we feel slightly uncomfortable, we seek relief indoors. Previously, these facilities were not available, so people had better heat endurance. Now, we feel we are not as capable.",,
FGD7_P7,Barriers to Coping Heat,Availability of Uninterrupted Electricity,,"It’s very hot by the railway tracks. When there’s no electricity, it feels impossible to stay at home.","Participants described the limited supply of electricity as the major challenge in coping with extreme heat, particularly among lower socio-economic populations. Frequent and prolonged power outages were commonly reported, occurring at various times of the day and night. Participants explained that electricity disruptions made indoor environments extremely uncomfortable and unbearable, especially in tin-shed dwellings where heat retention was perceived to be particularly high. Many participants stated that sleeping at night became difficult or nearly impossible during periods of load shedding due to the lack of fans and poor ventilation. Beyond such complaints, participants also highlighted the broader disruptions caused by power outages, including difficulties in accessing water, as electric pumps and water supply systems often became non-functional during load shedding. Inaccessibility to water also makes it challenging for the people to cope with the extreme heat. Some participants emphasized that, although heat itself could still be tolerated to some extent, the absence of electricity significantly intensified their suffering and was perceived as one of the most critical challenges during periods of extreme heat and heatwaves.",
FGD2_P6,Barriers to Coping Heat,Availability of Uninterrupted Electricity,,"And last year, it was even worse. Back then, there was more load-shedding of electricity. Since more people were present, electricity was available during the heat, so people didn’t face as many problems.",,
FGD2_P6,Barriers to Coping Heat,Availability of Uninterrupted Electricity,,"P6: It’s worse this year. However, there was load-shedding last year, meaning there was an electricity shortage then.",,
FGD2_P7,Barriers to Coping Heat,Availability of Uninterrupted Electricity,,"During power cuts, we can’t lift water.",,
FGD2_P7,Barriers to Coping Heat,Availability of Uninterrupted Electricity,,"So, does the heat feel more intense when there’s load-shedding? P7: Yes.",,
FGD5_P8,Barriers to Coping Heat,Availability of Uninterrupted Electricity,,"“It gets very hot here, especially during power outages. People tend to go outside because it’s unbearable.”",,
FGD6_P1,Barriers to Coping Heat,Availability of Uninterrupted Electricity,,” The biggest problem during extreme heat is load shedding.”,,
FGD6_P2,Barriers to Coping Heat,Availability of Uninterrupted Electricity,,"“Due to frequent load shedding in the heat, women mostly stay home and cook, which leads to sweating, causing more problems.”",,
FGD6_P2,Barriers to Coping Heat,Availability of Uninterrupted Electricity,,"“Right now, we often can't wash our hands or face on time due to a lack of water or electricity. It feels quite inconvenient—no water, nothing at all.”",,
FGD6_P4,Barriers to Coping Heat,Availability of Uninterrupted Electricity,,"“For example, during the day, it might go out for an hour after every two hours.”",,
FGD6_p6,Barriers to Coping Heat,Availability of Uninterrupted Electricity,,“The biggest issue is caused by load shedding.”,,
FGD6_P6,Barriers to Coping Heat,Availability of Uninterrupted Electricity,,"“You can manage with the existing heat, but when there’s load shedding, it becomes a major issue.”",,
FGD6_P6,Barriers to Coping Heat,Availability of Uninterrupted Electricity,,"“It used to be okay before, then it became very bad for a while. But recently, it has slightly improved.”",,
FGD6_P7,Barriers to Coping Heat,Availability of Uninterrupted Electricity,,"“It's less frequent now compared to before. It used to happen more often, but now it's a bit better.”",,
FGD6_P7,Barriers to Coping Heat,Availability of Uninterrupted Electricity,,"“In the afternoon, it might be out for an hour or even an hour and a half.”",,
FGD8_P2,Barriers to Coping Heat,Availability of Uninterrupted Electricity,,"And during extreme heat, that’s when load-shedding happens the most. I mean, they cut the electricity every 10 minutes.",,
FGD-8_P2,Barriers to Coping Heat,Availability of Uninterrupted Electricity,,"And during extreme heat, that’s when load-shedding happens the most. I mean, they cut the electricity every 10 minutes.",,
FGD8_P7,Barriers to Coping Heat,Availability of Uninterrupted Electricity,,"if the electricity goes out, staying at home becomes unbearable. Especially in a tin-shed house—people get even more restless in the heat.",,
FGD-8_P7,Barriers to Coping Heat,Availability of Uninterrupted Electricity,,"It’s very hot by the railway tracks. When there’s no electricity, it feels impossible to stay at home.",,
FGD-8_P7,Barriers to Coping Heat,Availability of Uninterrupted Electricity,,"if the electricity goes out, staying at home becomes unbearable. Especially in a tin-shed house—people get even more restless in the heat.",,
FGD8_P9,Barriers to Coping Heat,Availability of Uninterrupted Electricity,,"When there's load shedding, the suffering never ends. There are so many problems.",,
FGD-8_P9,Barriers to Coping Heat,Availability of Uninterrupted Electricity,,"When there's load shedding, the suffering never ends. There are so many problems.",,
FGD-9_P4,Barriers to Coping Heat,Availability of Uninterrupted Electricity,,"If the electricity goes out, I can’t even walk outside. It’s that bad.",,
FGD-9_P4,Barriers to Coping Heat,Availability of Uninterrupted Electricity,,Load shedding happens mostly during the summer.,,
FGD-9_P5,Barriers to Coping Heat,Availability of Uninterrupted Electricity,,"If the fan stops due to power cuts, you go outside, but it’s still hot outside.",,
FGD-9_P8,Barriers to Coping Heat,Availability of Uninterrupted Electricity,,"At night, without electricity, I can’t sleep, so I just sit up.",,
KII_P7,Adaptive capacity,Awareness,,"Actually, we don't have any studies on that. And the pregnancy period, socially, we have become much more aware than before. We are becoming more and more conscious day by day. The pregnancy period is now being given more care, even in rural societies. I don't think anyone would let their family member who is pregnant go into any risk during that time. I don't think that situation exists in Bangladesh now. People are aware of such issues, right?","Recently, as a society, people have developed much awareness about heat and heat adaptation. For example, during heat waves, primary schools and colleges are kept shut. As children are among the vulnerable groups, closing schools during such periods reduces their exposure to such conditions.",
KII_P8,Adaptive capacity,Awareness,,"“So far, I see two main approaches: they are trying to raise some awareness and are closing schools when temperatures become extreme.”",,
FGD2_P7,Recommended Adaptation Strategies,Awareness Campaign,,"If I go to that market and tell the shopkeeper to stop using plastic bags, it won’t work. Plastic imports need to be stopped. Once that’s done, plastic bags will stop on their own.",,
FGD2_P9,Recommended Adaptation Strategies,Awareness Campaign,,"To protect from the heat, if seminars or symposiums are held in each ward from 8 to 10 a.m., focusing on the working-class people, the middle class, or anyone involved in daily labor, awareness could be raised.",,
FGD2_P9,recommended adaptation strategies,awareness campaign,,"If people cooperate and help each other, it could lead to better protection from the heat. For example, advising people to take two showers a day to avoid heatstroke would be beneficial. If we do these things, we can protect ourselves from the heat and these related issues.",,
KII_04_M2,Recommended Adaptation Strategies,Awareness Campaign,,"Actually, I think the Dhaka City Corporation has just started this in the last two years, in collaboration with the German Red Cross. It's only started on a pilot basis in specific areas. it hasn't been implemented throughout Dhaka city yet. So, I think the first thing is to make the vulnerable groups aware of what they need to do. It is crucial because another thing is, we sent a message and issued a warning, but if no one takes care, there’s no benefit. The most important thing is sensitizing them on what actions to take when such warnings are issued. And like you said, people living in tin houses should be told to create a gap under the tin to prevent the heat from radiating downward. I think these actions are just starting, and it will take more time to make it fully effective.",,
KII_P6,Recommended Adaptation Strategies,Awareness Campaign,,"I cannot say exactly about this, but I feel like any kind of intervention is fine as long as it cools down the heat. But I think these things, these are kind of tangible things that you can see, like when they are spraying water, the temperature may decrease to some extent, but how will you reach the community or how will you really concern them about their health? So we should keep these things in mind as well.",,
KII_P6,Recommended Adaptation Strategies,Awareness Campaign,,"First, you need to identify which stakeholders are most vulnerable. You should rank them. Now, everyone is vulnerable, including you and me and everyone who belongs to Dhaka city. But there are categories within that, who are more vulnerable, who are most vulnerable, and who will have direct impacts. Some will find shelter, while others will not be able to immediately go to a shelter. These things should be part of our criteria, first of all. Then the second step could be: what can we do for the most vulnerable communities, those who are outdoors working for 12 hours a day? What can we do for them? And I think the first thing we can do is to disseminate early warnings. How will the dissemination be done? This came up in my research as well. During COVID, in a populous country like Bangladesh, our death rate was much lower compared to other European nations or neighboring countries. How was this possible? Because we were well-informed, we had daily bulletins, and every news outlet was sharing it: wear a mask, don’t go outside. Even on my smartphone, or even on a basic phone, I used to receive SMS alerts from the government saying: wear a mask, do this, do that.",,
KII_P6,Recommended Adaptation Strategies,Awareness Campaign,,"Absolutely. So, if I do this for heat, if you have a smartphone or even a basic phone, at least now they have access to it. You generate a message, and you trace the most vulnerable communities. You go there and campaign: ""Hey, see, there will be a heatwave in the next two weeks, please take care of yourself in this way. Drink water, wear caps, take breaks till 12 PM, etc."" These kinds of awareness campaigns are really necessary.",,
KII_P6,Recommended Adaptation Strategies,Awareness Campaign,,"But if you think realistically, it can start by giving them a bottle of water or making them aware that they need to drink a certain amount of water and ensuring they refill it. Or you can say that it’s fine to drive a rickshaw during certain hours, like from 8 am to 10 am when the sun is down, but after 12 pm to 2 pm, they should take a break every 10 minutes and stay hydrated. These messages are very important",,
KII_P6,Recommended Adaptation Strategies,Awareness Campaign,,"Campaigns. Regarding campaigns, still, in Bangladesh, as you see, or I always say, I’ve traveled through many districts of Bangladesh, and in fact, the dynamics of rural areas, they are very good listeners. You see, people in rural areas, they are very good listeners. And their social cohesion, they listen to the elders. If an outsider comes, they listen to them first, they don’t react immediately. But if you speak like this with city people, they think, “Oh, they understand more, they do this, do that, do talk shows, etc.” So, the issue here is, how do you make a person a very good listener? How do you grab their attention? You have to become like them, or you have to make someone from their community to deliver the message to them, okay? What we call, growing local leadership.",,
KII_P7,Recommended Adaptation Strategies,Awareness Campaign,,"No, we need to develop awareness. When someone dies due to heat, it should be mentioned as one of the causes of death in the records. Once this is researched widely, there will definitely be a space in the cause of death to mention heat as a contributing factor.”",,
KII_P7,Recommended Adaptation Strategies,Awareness Campaign,,"Regarding awareness, when it comes to heat stroke, you should tell people to stay indoors as much as possible and avoid going out in the heat. And for the long-term issues, ultimately, nature and the environment are what matter. If we do not protect nature, if we do not protect our environment, the destruction of civilization is inevitable. This is the awareness you can raise. For instance, why are we working with plastic? Plastic can become a disaster for Bangladesh, the people, and the planet in the future. You have the assessment of this. So, plastic, polythene should be properly stored, not just thrown around. It should not go into the soil layers or cause any future disasters. This is one thing we can do to improve the environment.”",,
KII_P8,Recommended Adaptation Strategies,Awareness Campaign,,"As I mentioned earlier, we can take various awareness programs. The biggest factor here is that we have become highly dependent on social media. Everyone, from young to old, relies on social media now. We can utilize this platform to create awareness it is a significant medium. At the same time, we need to integrate these issues into academic activities. Over time, we have gradually removed everything from books, leaving nothing in them. Now, we need to slowly bring these topics back.",,
KII_P8,Recommended Adaptation Strategies,Awareness Campaign,,"Given this, how can we possibly control regular people? Raising awareness is the only solution, but if someone isn’t personally aware, they will keep gaining weight. I know I am overweight, yet I can’t start my day without two teaspoons of sugar in my tea. I justify it by telling myself that my brain needs sugar to function. So ultimately, awareness is a personal responsibility, and no matter how much effort is put into it, you can’t completely control it.",,
KII_P8,Recommended Adaptation Strategies,Awareness Campaign,,"But, as I said earlier, the health sector could come forward through campaigns. Health practitioners could do a lot through campaigning. If they focus on it, it would be very beneficial for us. They can organize free treatments in various spots where temperatures are highest. For example, if they can campaign in floating communities, offering free health support, free medicine, saline, and water provision, it would make a significant difference. In addition, increasing the supply of fresh water in some places would also help. I believe that in this way, they can invest more in these areas.",,
FGD2_P6,Recommended Adaptation Strategies,"Awareness Campaign, Innovative suggestions",,"But they need to ensure that ponds aren’t filled in, and railway lines aren’t encroached upon. These should be addressed through proper reporting. Reports are useful.",,
FGD7_P9,Adaptive capacity,Bathing,,"Many people, especially near rivers or ponds, take baths to cool off. Especially men who work outdoors—they often jump into water bodies to cool down in the intense heat.","One of the not-so-common yet seen coping mechanisms was seen among men, which is bathing. People who live near a water body mentioned that whenever men felt the heat was extreme, they would take a bath in the local ponds or even the river to ease their discomfort from the heat. ",
KII_P9,Recommended Adaptation Strategies,Blue Space,,"“As I mentioned earlier, our main concern in monitoring is the blue infrastructure we have, especially the water bodies, from lakes to various sources. We have been emphasizing retention, not blocking these water bodies. We have made several proclamations. We are emphasizing that this should not happen. You’ll see many places around Dhaka where resorts are being built, filling the areas completely. But our battle is with this. This is a government strategy—these water bodies cannot be blocked. But the issue is, where is the problem? We’re cutting hills, which is a challenging situation for us because, in Sri Lanka, where everything is mountainous, I went to my friend’s house in Kandy, Sri Lanka. His house is located on top of a hill, and they have created a beautiful road by cutting through the hill. Every country has its own situation. But here, where we have small hills, I feel if we didn’t completely erase the hill and utilized it properly, designed with consideration, it would have been the best. So, I believe the Department of Environment always considers how we can preserve the environment and move forward together with it. But the problem is, where there are so many vested quarters and interest groups, our ministry is a bit weak—I'll say weak because our allocation is limited compared to others. With our limited manpower, it's difficult to handle this alone. If you see from within, our adviser has been working tirelessly for many years to stop the use of plastic, halt hill cutting, and save rivers, making extraordinary efforts. But even so, we face numerous challenges. Just two days ago, our Deputy Secretary, the Enforcement Director, was injured. Now, if people are not aware and they harm me while I am doing something good, then why should I be motivated to continue this work? This has become a challenge for us. How can we ensure the security of our officers and continue this work? Yes, we are trying to focus on that. Will it do?”",,
FGD3_P2, Heat Exposure,Building Density,,"In high-rise buildings, like a 10-story, 5-story, or 7-story building, the amount of electricity used increases, and the heat rises.",,
FGD6_P7,Heat Exposure,Building Density,,"“There are more people, and more buildings. It used to be hot, but now it feels even hotter.”",,
FGD7_P1,Heat Exposure,Building Density,,"There are so many flats, and that’s why it feels so hot. Where there are open spaces and trees, you get a breeze.",,
FGD7_P1,Heat Exposure,Building Density,,"As I was saying earlier, the density is causing more heat. There are factories and garment industries now, which weren’t here before.",,
FGD-9_P4,Heat Exposure,Building Density,,"Here, it’s surrounded by buildings. There’s no proper system for air circulation.",,
FGD-9_P5,Heat Exposure,Building Density,,"When people construct houses, they leave just a foot of space. If a foot or so was left open, then at least some air circulation could happen. But many houses are completely attached.",,
KII_04_M4,Heat Exposure,Building Density,,"Now, when such extreme temperatures occur, you have to consider that in Dhaka, temperatures rarely exceed 36–38°C. But during this event, people in Dhaka appeared more distressed than those in marginal rural areas. Why? Because Dhaka is a heat-trapped city—there is poor ventilation, high-rise buildings, and many industrial zones. Additionally, at night, diesel-run trucks operate across Dhaka.",,
KII_P3,Heat Exposure,Building Density,,"One major issue is that Dhaka has become a concrete city. There is almost no open land surface left—everything is covered in concrete and cement. Although building plans officially require open spaces and green coverage, in reality, these regulations are often not followed. The transformation of Dhaka into a completely concretized and cemented city is, in my opinion, a significant reason for the increasing heat.",,
KII_P5,Heat Exposure,Building Density,,"You see, there are several reasons for the temperature rise in Dhaka city. One is that the buildings are turning into a concrete jungle, one after another. ",,
FGD2_P6,heat exxposre,building density,,"Like, in the case of buildings close to each other, the airflow is less.",,
"FGD3_P1, P7, P9",Heat Exposure,Building Roof Types,," Both are here, but there are fewer buildings and more tin-roofed houses. Tin-roofed houses are the majority. Yes, tin-roofed houses dominate.",,
FGD-4_P2,Heat Exposure,Building Roof Types,,"“Well, if we use cement sheets for the roof, the heat will be less.”",,
FGD-4_P2,Heat Exposure,Building Roof Types,,"“If the fan is running, it will feel cooler. But with the tin, the heat from the fan just makes it feel hotter.”",,
FGD-4_P2,Heat Exposure,Building Roof Types,,"“Yes, running the fan just circulates the heat from the tin and makes the body feel warmer.”",,
FGD-4_P2,Heat Exposure,Building Roof Types,,"“If the fan is on, the heat just blows onto the body and makes it worse.”",,
FGD-6_P1,Heat Exposure,Building Roof Types,,"“Nowadays, there are more buildings. It’s around 50% tin roofs and 50% buildings.”",,
FGD-6_P3,Heat Exposure,Building Roof Types,,"“No, that’s in rural homes with bamboo groves and large trees. In such places, it’s cooler.”",,
FGD-6_P4,Heat Exposure,Building Roof Types,,"“When it’s a concrete roof, it takes longer to heat up. But if it were tin, it would heat up much faster.”",,
"FGD-6_P5,P3",Heat Exposure,Building Roof Types,,“Tin heats up quickly and cools down quickly after that.”,,
FGD-6_P6,Heat Exposure,Building Roof Types,,"“There’s no central air conditioning, and the heat from sunlight is higher due to the tin roofs.”",,
FGD-6_P6,Heat Exposure,Building Roof Types,,“It’s hotter under tin roofs.”,,
FGD7_P3,Heat Exposure,Building Roof Types,,Mostly concrete buildings now.,,
FGD7_P5,Heat Exposure,Building Roof Types,,"For those of us living in tin-roofed houses, it feels hotter during the day. Even if it’s less during the day, at night it feels much hotter. But for those living in flats, they feel hotter at night because the temperature doesn’t cool down.",,
FGD7_P6,Heat Exposure,Building Roof Types,,It’s much hotter in tin-roofed houses.,,
FGD7_P9,Heat Exposure,Building Roof Types,,"For now, it’s mostly buildings, though earlier, there were more tin-roofed houses.",,
FGD-9_P4,Heat Exposure,Building Roof Types,,"For example, sitting here now is fine, but as soon as the sun comes out, this room will become unbearably hot.",,
"FGD-9_P5,P10",Heat Exposure,Building Roof Types,,Ours is tin-roofed.,,
FGD-9_P6,Heat Exposure,Building Roof Types,,"Ours is a 4-story foundation with a tin roof. It gets very hot at night, and during the day, it’s even worse.",,
FGD-9_P7,Heat Exposure,Building Roof Types,,Tin-roofed houses are the hottest.,,
KII_04_M2,Heat Exposure,Building Roof Types,,"However, slum areas or people living in tin-roofed houses, particularly in densely populated informal settlements, are the most vulnerable",,
FGD-9_P5,"heat exposure,adaptive capacity","building roof types, spending time in open spaces",,"Some tin-roofed rooms get so hot that you can’t even sit inside. When the sun is out, you have to go outside.",,
FGD2_P3, Heat Exposure,Buildings,,"In a building, there are many rooms, so maybe one room gets airflow, but another doesn’t.",,
FGD3_P1, Heat Exposure,Buildings,,"For example, if someone builds a 10-story building next to my 3-story house, will my house get airflow? You tell me, will it?",,
FGD4_P1,Heat Exposure,Buildings,,“It’s really bad in the heat.”,,
FGD4_P2,Heat Exposure,Buildings,,“There’s no airflow because of the buildings around us.”,,
FGD4_P2,Heat Exposure,Buildings,,"“There are buildings all around, so how can air come in from below?”",,
FGD4_P3,Heat Exposure,Buildings,,“It’s the same in the building.”,,
FGD4_P3,Heat Exposure,Buildings,,“There won’t be any airflow because of the buildings.”,,
FGD4_P6,Heat Exposure,Buildings,,"“During the day, it’s manageable, but at night, it’s very difficult to sleep because of the heat. Especially in the last 2–3 months, it has been really hard to sleep at night.”",,
FGD5_P8,Heat Exposure,Buildings,,"“Yes, much hotter than the buildings.”",,
FGD6_P2,Heat Exposure,Buildings,,“You can tell how hot a concrete roof is in the evening when the heat lingers into late afternoon.”,,
FGD6_P2,Heat Exposure,Buildings,,"“Buildings are increasing, and trees are decreasing.”",,
FGD6_P5,Heat Exposure,Buildings,,"“Yes, less greenery and the increasing number of buildings day by day. That’s also affecting the airflow.”",,
FGD6_P5,Heat Exposure,Buildings,,"“The buildings are blocking the air, and it’s making the place hotter.”",,
FGD6_P7,Heat Exposure,Buildings,," “Nowadays, there are more buildings. It’s around 50% tin roofs and 50% buildings.”",,
KII_P6,Heat Exposure,Buildings,,"Infrastructure, first of all. I mean, this is undoubtedly the case. Second, is the preservation of green lands. By Greenland, I mean the corridors where we had enough greenery. You should check whether those exist there now. The second thing is water bodies, meaning urban planning overall—how your water bodies are, how much greenery you have, and the public places, parks, avenues. You can hardly find any parks now. Gulshan Park, and even there, not everyone has access after a certain time. Then there's Banani Park there are only a few parks like these. But go to densely populated areas. How many parks will you find in Farmgate? And that park near Farmgate, towards Indira Road, near the Farmgate Police Box, wasn’t there a park there?",,
KII_P7,Heat Exposure,Buildings,,Where would you find space for that in Dhaka city? Everything is built up with cemented buildings.,,
KII_P8,Heat Exposure,Buildings,,"“Therefore, it is not just climate change and rising global temperatures that are making Dhaka hotter. Also, if you consider the last four to five years, as they have pointed out, a significant reason is that the water bodies around Dhaka are being converted into apartment complexes and residential areas. Large companies are filling up water bodies and constructing buildings. When we destroy areas that help retain heat, where will the heat go? This is why the temperature is increasing. Five or six years ago, when I used to travel towards Purbachal or Savar, I would see some remaining water bodies. Now, if you visit Savar or Purbachal, you will see that everything has been filled with soil and enclosed by boundaries. The Bangladesh Police is building housing for its staff, the Army is doing the same, and the government’s RAJUK is developing plots. So, if all of this is happening, wouldn’t the temperature increase? What else would happen?”",,
KII_P9,Heat Exposure,Buildings,," “Then, considering the city's buildings, because of the high population, the tendency is to go for vertical expansion rather than horizontal. But no one is thinking if the carrying capacity is enough. To recharge a deep tube well, you need around 2,000 to 2,500 acres of green space. Do we have that in Dhaka? No.”",,
FGD2_P2, Heat Exposure,Buildings Roof types,,"Like, during the day, the heat isn’t so bad, but after evening, it gets very hot under the roof.",,
FGD2_P7,Heat Exposure,Buildings Roof types,,Mine has a concrete roof.,,
FGD2_P4,Heat Exposure,"Buildings type, Indoor Ventilation",,Mine is just like this.,,
FGD3_P2,Heat Sensitivity,Children,,"Yes, when we go outside. R: Okay, besides that, children and elderly people are more vulnerable to heat. P2: Yes, that’s correct.",,
FGD4_P3,Heat Sensitivity,Children,,"“Adults too, especially when children get sick, the adults catch it too.”",,
FGD4_P4,Heat Sensitivity,Children,," “In our area, it’s mostly the women and children.”",,
FGD6_P6,Heat Sensitivity,Children,,“Children and the elderly.”,,
FGD7_P3,Heat Sensitivity,Children,,And the children especially get it.,,
FGD7_P7,Heat Sensitivity,Children,,The little ones tend to get sick more.,,
FGD7_P7,Heat Sensitivity,Children,,"If you think about schools, for example, if there are only 2 kids in one spot, it’s less hot. But if there are 50 students in a single room, it gets hotter. For 50 students, there’s only 1 or 2 fans, and kids study in that heat. Then they come home from school, enduring the heat, and at home, it’s still hot. That’s why kids fall sick more often.",,
FGD8_P5,Heat Sensitivity,Children,,"The elderly and children suffer the most. They can’t express it well or tolerate it. The elderly may call us for help, but sometimes we’re too busy to respond immediately. And children—they can’t articulate what’s wrong. They’ll jump around or cry, but they can’t explain their discomfort. It’s up to us to understand that they’re feeling unwell. But even then, we prioritize finishing our work first before attending to them.",,
FGD9_P4,Heat Sensitivity,children,,Who suffers the most from the heat? Mostly the elderly and small children.,,
FGD9_P5,Heat Sensitivity,children,,Kids face the most issues because they can’t express their discomfort.,,
KII_P2,Heat Sensitivity,Children,,"Of course, women are more vulnerable, since they stay home. Then there are children and the elderly, who are the most vulnerable in our society. The key point is that the group who does not earn and is dependent on others is always the most vulnerable. This vulnerability is determined by the economic aspect. The person who has money in the household, the person who earns, and the one who doesn’t—these situations differ greatly. So, I believe if we both earn, we can share the responsibility of cooking. The vulnerability is shared between us. But it’s hard to generalize that one person will bring their earnings and give them to the other. It’s complicated.",,
KII_P3,Heat Sensitivity,Children,,"are there any other groups at higher health risks due to rising temperatures? Children and women. Children and women? Yes, they are the most vulnerable groups.",,
KII_P6,Heat Sensitivity,Children,,"The urban population is the highest, and if you can't reach them, your warning isn’t going to be effective. There are two or three groups that I believe are highly sensitive—children, for example, who are somewhat taken care of by closing schools. So, children are somewhat included in the group. Elderly population, too.",,
"FGD7_P3,P7",Heat Sensitivity,Chronic Diseases,,And those with high blood pressure.,,
FGD7_P6,Heat Sensitivity,Chronic Diseases,,Those with diabetes tend to fall sick.,,
KII_P5,Heat Sensitivity,Chronic Diseases,,"No, age-wise, health issues are something that affects everyone across all sectors or groups in some way. But if I were to create a hierarchy, definitely, those from the lower-income or low-income groups are the most affected. Those who are more vulnerable, such as those who have health issues or lifelong illnesses, or other problems, they are also affected. For example, people here suffer from dust allergies, cold allergies, and these are the issues arising from the temperature changes. In Dhaka city, more than 80% of households have allergy problems, such as dust allergies, cold allergies, and the instability in temperatures due to hot and cold weather. This causes us difficulty in adjusting. I am staying in a room with one temperature, but when I step outside, the temperature is different. When I leave the air-conditioned room, the temperature is completely different.",,
KII_P1,Adaptive capacity,Clothing,,"Ah! In some Western countries, they spray water in public places, such as bus stops or railway stations. But I have seen some of them using this sort of heavy clothing, and they also allow half-sleeve shirts or T-shirts even for official purposes (for example, Japan introduced such a rule). Right, that's mostly it!","Participants mentioned that during these extremely hot days, they mostly prefer wearing light coloured, breathable cotton fabrics, such as an old shirt or a lungi. It's comfortable to go and work in extreme heat.",
FGD4_P2,Adaptive capacity,Clothing,,"“In the heat, we wear thinner clothes, so that air can pass through, but in cold weather, we wear thicker clothes to keep warm.”",,
FGD5_P(all),Adaptive capacity,Clothing,,“Agreed.”,,
FGD5_P10,Adaptive capacity,Clothing,,"“Clothing (one participant disagrees). For instance, wearing light, breathable clothing—”",,
FGD5_P2,Adaptive capacity,Clothing,,"“Look at this light Indian dhoti I’m wearing. It’s lightweight, doesn’t feel too hot, and prevents sweating.”",,
FGD6_P2,Adaptive capacity,Clothing,,“Light cotton clothing feels cooler.”,,
"FGD7_P2,P3,P9",Adaptive capacity,Clothing,,"""Do you personally wear cotton clothing to stay cool?"" - ""Yes, yes.We mostly wear cotton clothes.""",,
FGD8_P1,Adaptive capacity,Clothing,,"With new clothes, the fabric feels stiff, and it makes me feel hotter. I try to wear old clothes as much as possible.",,
KII_P7,Capacity,Data,,"“One site is not enough? This is a technical issue, which those in charge of the database can answer. From one database, millions of people can use it simultaneously. If the capacity of the system can be expanded, there shouldn't be a problem, but I can't say for sure it's a highly technical issue.”",,
KII_P7,Capacity,Data,,"“I’m not sure if they are collecting it from just one center or multiple centers. It should be from different points in Dhaka, because they work with those data. It’s reasonable to expect that the heat will vary in different parts of Dhaka city.”",,
KII_P7,Capacity,Data,,"“This shouldn't be the case, I believe. Because, just like rainfall varies from one side of a field to the other, heat will vary as well.”",,
KII_P7,Capacity,Data,,"“It can be done, it will be done! For that, we need resources, we need mobilization of resources. There’s a lot of need. Yes, we need a lot of things. We are gradually progressing at the required pace, and we will continue in the coming days…”",,
KII_P7,Capacity,Data,,"“Where they are coming from, which area? But isn’t this the job of the Health Ministry? This isn’t the work of the Health Ministry alone you’re talking about. Right? We are already doing disease heat mapping in Bangladesh. For example, for dengue, we’re doing that. From this year, we’ve started a new system where, when a dengue patient arrives, we track where they are coming from, which area they are from. This allows us to focus on why dengue is more prevalent in that area. We’re doing this.”",,
KII_P7,Capacity,Data,,"“Hmm, it will definitely be possible. If we have a mapping system with a software database, it can be done by IT experts, everything is possible.”",,
KII_P8,Capacity,Data,,"However, hospital data does not always reflect this impact accurately.",,
KII_P8,Capacity,Data,,"When people visit hospitals, they report having a fever and seek treatment. The hospital records only mention fever in the registry, but the detailed health checkup or diagnosis that identifies the actual issue is often not documented. Therefore, we could not extract useful information from hospital data.",,
KII_P8,Capacity,Data,,"“The availability of MIS data is one thing, but the real question is how much data is actually present in the MIS. Bangladesh is now receiving significant attention globally regarding the impact of climate change on health. At COP28, we officially declared a Health Day, and work on health-related issues is already underway. However, we struggle to access funding because we lack sufficient data. For any climate change-related study, evidence or long-term data is essential. Climate change, by definition, is linked to the analysis of long-term data trends. Considering this, Bangladesh lacks continuous long-term data. Over the past five years, the Ministry of Health has been trying to accumulate data, but their methodology has not yet been finalized. They are still figuring out how to collect the data effectively. One major reason behind this challenge is that the private healthcare sector dominates over the public sector in Bangladesh. Government hospitals exist, but most people prefer private healthcare because doctors are regularly available there. Additionally, many people, especially in rural areas, do not visit hospitals at all. Instead, they go to pharmacies where either a doctor is available or they take advice from the person selling medicines. This habit makes it difficult to build a comprehensive database. The government of Bangladesh has taken an initiative to digitize its hospitals and is trying to link patient records with voter IDs. Since COVID-19 helped generate unique IDs for individuals, they are attempting to link health data with these IDs. However, this effort is limited to the public sector. A large number of patients who seek treatment from the private sector remain unaccounted for. So, if we analyze only public sector data, it will not reflect the actual situation. Before we even consider data availability, the data collection process itself needs to be completed. If researchers from institutions like ours apply for access to government data, we do receive it—though with some effort. That part is manageable. But first, the data itself needs to exist.",,
KII_P8,Capacity,Data,,"“I can't say exactly how many stations there are in Dhaka, but just the day before yesterday, I was talking to a BMD official, and they have significantly increased the number of stations. There might be enough stations in Dhaka, but they are actually segregated. And because of this, data collection is not happening in an integrated way. As I mentioned earlier, we need proper planning for data collection, but BMD has not been able to develop that plan yet. However, compared to other countries, the data that BMD collects is quite rich.”",,
KII_P8,Capacity,Data,,"“The first problem is that we have a significant lack of resources. It’s not fair to blame BMD just because they don’t have enough data. We implement many projects in Bangladesh, right? But how many of these projects actually provide institutional support to BMD? When it comes to climate change, people often say institutional support isn’t possible because it would lead to emissions. But if we don’t have sufficient data, how can we generate evidence? Many universities are working in Bangladesh—Harvard, Imperial, and others. They are conducting projects worth millions, but if we ask them to fund the establishment of a station for BMD, they are not interested. As long as BMD’s resources do not increase, there is little they can do. Since we are a developing country, we have many development challenges. The government cannot ignore other development needs to focus solely on this issue. BMD is struggling as well they know that their data is not being properly addressed. Now, if we divide Dhaka, we can see that the entire city functions as a segregated weather system. If you go to your rooftop and look around, you will see many water bodies behind you. In the middle of the city, there is almost no greenery. But if you look toward the Cantonment area, you’ll see that it’s entirely green. So, if we think along those lines, we need to place weather stations strategically. There should be a weather station for the Cantonment, another for areas like Purbachal or near the Shitalakshya River, where water bodies are more prevalent. But this is not practically feasible. What we can do, however, is collect data from BMD and conduct research to determine the extent of variation. If we can establish a methodology to analyze this variation, then even with the data collected from BMD, we can interpret it properly. For example, if we find that a specific zone has a certain temperature, we can apply an adjustment factor based on established research—such as subtracting a specific amount due to the cooling effect of water bodies. Since water bodies can cause a one or two-degree difference, we can develop such a methodology. But installing separate stations in every location is not a feasible solution.”",,
KII_P9,Capacity,Data availability,,"“Definitely not. I think if you don't look at several areas of Dhaka, then relying on just one station will not give you a comprehensive picture. The activities in Dhaka's different zones or fringes are different. For example, in more commercial or industrial areas, the scenario is different from residential areas. I think if we could include some commercial or industrial areas based on land use, then we could get a more representative picture.”",,
KII_P8,Recommended Adaptation Strategies,Declaration as Disaster,,"“No, no, it's not something that can be counted only by the City Corporation. The climate change adaptation plan, which we follow for climate change, is the National Adaptation Plan. In that plan, we mention 14 hazards, among which heatwaves and cold waves are one. So, when you talk about climate change, it doesn't matter what the City Corporation says. The previous Prime Minister of Bangladesh, in Parliament, established this book, which is now referred to as Bangladesh's climate change Bible. In it, we discussed 14 climatic hazards, one of which is heat. And heatwaves occur at least once a year. Think about how high it can reach.”",,
KII_P8,Recommended Adaptation Strategies,Declaration as Disaster,,"“Yes, we always consider the distinction between climate change and disaster management. In reality, they are not entirely separate. We need to think about the impacts of climate change and what preparations we can make for the future. How can we bring in finance for these actions? These are tasks under the Ministry of Climate Change. Disaster management, however, is a separate responsibility. The Disaster Management Ministry is responsible for any disaster in the country, not only climate-related ones. If you read their Standing Orders on Disaster (SOD), it outlines what actions need to be taken during each disaster. In this context, you can't bring climate change hazards or normal disasters into the picture at the same time. For example, the Disaster Management Ministry is responsible for cyclones, but also for earthquakes, right? So the problem here is that we ourselves don't know what should be done. When it comes to heat, do we call it a disaster? Typically, when excessive heat leads to someone dying, we label it as a disaster, right? So, the moment a person dies, disaster management should be activated. That's the rule according to the SOD. When an emergency arises, disaster management kicks in. There are many links to this. The fire service gets ready. If you're talking about heatwaves, the fire service is one of the most important responders, because fire can break out due to the heat, right? The fire service is the first to respond to rescue and handle fire hazards. Beyond that, we have volunteers all over Bangladesh for disaster management...”",,
KII_P8,Recommended Adaptation Strategies,Declaration as Disaster,,"“And there’s a significant gap in coordination here. I agree with what you said, that I can declare the heatwave as a disaster. Of course, I can. We declare it. When we announce in the news that so many people are dying due to the heat, it becomes a disaster news. That's when the City Corporation comes out with vehicles to distribute water. They start distributing water only when the disaster begins. Until then, you won’t see them bringing out water, right? They won’t distribute medicines for dengue until the outbreak increases. So, those activities happen when it turns into a disaster.”",,
KII_P6,Understanding of Heat,Definition,,"I think heat or things like that, meaning if we talk about heat, air quality, or noise, these three parameters are important for the city.",,
KII_P6,Understanding of Heat,Definition,,"36 degrees. But now, every temperature is going above 41-42 degrees in the last year. So, what definition are they using for that?",,
KII_P6,Understanding of Heat,Definition,,"Now, this definition is different for each stakeholder. Your BMD says it one way, and when you go to any of the line ministries, Disaster Ministry or SOD, they all have different definitions. I mean, there's nothing like a universal definition. So, regarding the record they mentioned, they said that when it crosses 35°C, they issue a heat warning, but the impact you will experience at 35°C won’t be the same as at 37°C. Another thing is the ""how it feels"" part temperature is measured as real-time temperature, but how it feels is often 2-3 degrees higher. There are many factors involved, such as humidity, and other factors. So where will you place that definition? Now, they generate the message once it crosses 35°C, but the actual real temperature is yours. So, I had a bad experience once when we went to the field. I knew the temperature would be high that day. Later, when we went to the field, I was feeling extremely exhausted, drinking water, doing everything. When I checked the temperature after returning, we had gone to a very remote area with network issues. The temperature there was showing 42-43°C, but I had predicted it would be around 37-38°C. So even a 1-2 degree difference makes a lot of difference. And when you're working outdoors, it's going to be very troublesome for you.",,
KII_P7,Heat Perception,Disaster Declaration,,"“Yes, it will come. Absolutely, there will be changes.”",,
KII_P3,Adaptive capacity,"Donating Water, Saline, and Juice",,"If we talk about the city corporation, our efforts really started last year. The initiatives included ensuring access to potable water at our ten regional offices when the heatwave struck so that people could drink water. Besides these ten regional offices, we also provided potable water in places with high public gatherings. We arranged umbrellas for rickshaw pullers in some locations. We started spreading awareness messages on social media about how people could protect themselves from heat stress. We conducted media campaigns as well. These are the activities we have carried out.","During this extreme heat in recent years, people have been dealing with it as a community. Many participants mentioned that, they saw others donating water during the hot days of summer. People sometimes not only donate safe drinking water, but also arrange for saline, medicines, and juices along the roads so that passerby in need can access them. Sometimes passersby fall sick, and they become senseless on the road. In those instances, people take immediate action, buy saline, tend to them, and take them to a cooler place, such as a mosque or elsewhere. One of the KII participants from the city corporation mentioned the active efforts they are making such as providing portable water in different crowded areas to give easy access to drinking water to people on road to save people from extreme dehydration. They also arranged big umbrellas in different location to allow working class people such as rickshawpuller to rest under them. One of the key initiatives taken by the city corporation is spreading social media awareness regarding heat stress. ",
FGD2_P6,Adaptive Capacity,"Donating Water, Saline, and Juice",,Now I see that the ‘Mum’ company has pick-up trucks parked and they’re giving away half-liter bottles of cold water.,,
FGD2_P6,Adaptive Capacity,"Donating Water, Saline, and Juice",,"Over here, during a few days when the councilor was present, they provided sherbet and that's about it.",,
"FGD3_P2,P3",Adaptive Capacity,"Donating Water, Saline, and Juice",,"Everyone has taps in their houses. Still, our councilor has arranged to provide pure water or saline through vans in every neighborhood during the summer. They brought 4/5 vans and provided water, free of charge. Do you think this should be a regular service, or is it only needed in the summer? It should be done regularly. People don’t drink enough water otherwise.",,
FGD5_P(all),Adaptive capacity,"Donating Water, Saline, and Juice",," “Yes, Yes. (All agree)”",,
FGD5_P10,Adaptive capacity,"Donating Water, Saline, and Juice",," “Sometimes there are individual initiatives. Like, we once provided water during extreme heat (some participants give their opinions).”",,
FGD-5_P10,Adaptive capacity,"Donating Water, Saline, and Juice",,"“If it gets very hot, we bring chairs and water.”",,
FGD5_P2,Adaptive capacity,"Donating Water, Saline, and Juice",,"“No, that’s it. When someone becomes senseless from the heat, we lay them down here and give them water. Once they feel better, we send them to the hospital if needed.”",,
FGD5_P2,Adaptive capacity,"Donating Water, Saline, and Juice",," “At that moment, we become our own doctors. (P5: Saline!) We quickly bring two packets of saline, mix it with cold water, and give it to the person. It works like a miracle.”",,
FGD-5_P8,Adaptive capacity,"Donating Water, Saline, and Juice",,"Some people get sick from the heat. When that happens, we bring them to the prayer area, let them rest under a fan, and give them water until they feel better.”",,
FGD7_P7,Adaptive capacity,"Donating Water, Saline, and Juice",,"Yes, people give water wherever they go.",,
FGD-9_P4,Adaptive capacity,"Donating Water, Saline, and Juice",,One person from Laksham Nagar Kote also provided free juice here.,,
FGD-9_P9,Adaptive capacity,"Donating Water, Saline, and Juice",,"Some people even distribute juice for free, I’m not lying. In our neighborhood, people provide free juice.",,
FGD-9_P9,Adaptive capacity,"Donating Water, Saline, and Juice",,"For instance, in Shyampur Bazar, Lal Mosque, and many other places, I’ve seen this.",,
FGD2_P7, Adaptive Capacity,Dringking Water,,"Like, I gave him water, for example",,
FGD2_P3, Adaptive Capacity,Drinking Water,,I drink water frequently.,,
"FGD3_P1,P2,P4,P7,P9", Adaptive Capacity,Drinking Water,," The drinking water comes from wells (driven or drilled well), about 300 to 400 feet deep. Most of us have deep wells in our homes. We have ‘chama’ (electric pump). Some people have ‘chama’ (pump) and others have tube wells to extract water. We extract water from underground. 300 to 400 feet deep.",,
KII_P2,Adaptive capacity,Drinking Water,,"In old Dhaka, for example in Gendaria, there were water taps in the middle of the streets where people could drink water. If we go to Barisal or Rajshahi, we’ll see large clay tanks in the streets where water is kept.","One of the coping measures the participant adopted to mitigate excessive heat is drinking more water than usual. Many participants mentioned that drinking cold water cools their bodies, providing them with instant, temporary relief while working indoors or even while working out of the house. During the extremely hot days of summer, the arrangement of drinking water is seen as an adaptive measure. Rajshahi is one of the first cities to implement such initiatives for its residents. As Bangladesh has been experiencing heat waves in recent years, this arrangement has become common practice in the capital. City corporations, NGOs, educational institutions, mosques, and sometimes school authorities and even private initiatives arrange water in public spaces so it is easily accessible to common people, allowing them to drink it. These initiatives in public spaces, such as mosques, streets, and in front of private houses, allow passersby to drink water and avoid dehydration and heat stroke. ",
FGD2_P7,Adaptive Capacity,Drinking Water,,We drink water without measuring it.,,
"FGD4_P1,P4",Adaptive capacity,Drinking Water,,"“Cold, fever, cough. You have to drink cold water in the heat.”",,
FGD4_P3,Adaptive capacity,Drinking Water,,“I just drink a glass of cold water.”,,
FGD5_P2,Adaptive capacity,Drinking Water,," “Here, if someone feels thirsty, there’s water in front of every shop",,
FGD5_P8,Adaptive capacity,Drinking Water,," “No, no, we only drink water.”",,
FGD7_P7,Adaptive capacity,Drinking Water,,water consumption increases a bit during the heat.,,
KII_04_M4,Adaptive capacity,Drinking Water,,"Thirty-five days. This was a rare and historic event for Bangladesh. If you consider global records, 2023 was the warmest year on record. In this context, I observed that whenever the temperature remains around 36°C or even 34°C for several consecutive days, there is a noticeable rise in the consumption of lemon juice in slum areas and urban zones",,
KII_P6,Adaptive capacity,Drinking Water,,"“ Regarding their health, they mainly focused on water consumption, actually.”",,
KII_P8,Adaptive capacity,Drinking Water,,"“If I talk about schools, based on last year's summer experience, when they saw extreme heat conditions, they closed schools. They also arranged water supply systems so that children could carry a flask filled with water and refill it later.”",,
KII_P8,Adaptive capacity,Drinking Water,," “Those who work outside—I have noticed that the government, city corporations, and NGOs have taken some initiatives. For example, in front of BRAC University, you can see a water station where pedestrians can get fresh water. Similar initiatives have been taken across Bangladesh by different NGOs and private sectors. However, even with these measures, their work efficiency has decreased.”",,
KII_P8,Adaptive capacity,Drinking Water,," “Regarding long-term measures, as I mentioned, there are initiatives for providing fresh water on the streets. For example, I saw this in Rajshahi 10 years ago. Back then, they had placed earthen pots for water. Yes, Rajshahi is known as the cleanest city, and from what I observed, they were among the first to implement this system. Now, in some parts of Bangladesh, similar installations are found in the middle of roads or at various locations. Particularly, mosques often provide this fresh water support. Organizations like WaterAid are also working on this.”",,
KII_P9,Adaptive capacity,Drinking Water,," “Excluding the urban heat island effect, we know how much people are suffering during the summer months—heat strokes, people drinking sherbet, staying in the shade, rickshaw pullers unable to work, and daily laborers unable to work.”",,
"FGD-9_P2,P5",Adaptive capacity,"Drinking water, saline and medicines",,"generally, what do you do during such heat? How do you manage with all these difficulties? Do you drink more water? Yes, we drink more water, use oral saline.",,
KII_P6,Heat Exposure,Economic Condition,,"Definitely. I mean, I would say this from my research, and from what I’ve studied, it is definitely relevant. Because you think about it this way, right now you’re feeling hot, okay. You need some means to refresh yourself. Imagine you’re walking down the street, you go straight and then drink some cold water or Coke or whatever it is. You can spend money. But for a rickshaw puller, or let’s leave the rickshaw puller aside, think about a day laborer. They’re earning, say, 500 Taka a day. From that, they need to support their family. They cannot access this option unless they are extremely thirsty. They would always prefer going to a tea stall to get water to rehydrate themselves. You, where you are buying bottled water or mineral water, for them, it would be something they would rethink. I mean, for them, that would be a luxury product, like, “Should I buy bottled water or should I go somewhere nice and drink something good?” This is not an option for them. So, here, the economy plays a huge role, and even more importantly, access to different resources. I mentioned the medical issue earlier. So, it was very interesting when I went to a rickshaw puller’s garage. They said that when they rehydrate or go to the doctor, their maximum limit is going to the pharmacy. Because, here, if you see the water sources, if they suffer from waterborne diseases, it impacts their income, especially if they are getting water from unsafe sources. So, you won’t see the direct impact of heat, but because of heat, they are forced to drink that water. Now, if that water is coming from a dirty, unhygienic source, how do you look at it? So, these are hidden issues. If you want to relate them, you can, but if you don’t want to, it will be there forever. So, for me, the time is coming to tap into these areas and understand how interrelated they are—how health, hygiene, and heat are interconnected.",,
"FGD2_P2,P3,P6",Barriers to Coping Heat,Economic Consideration,,"I rest at home for about an hour, mainly for food. Whether it's sunny or rainy, we stay on this road. We have to stay on the road.",,
FGD2_P7,Barriers to coping heat,Economic consideration,,"For those who live on the footpath, it feels the same whether they stay or not. In the morning, after Fajr prayer, I go to the market. I take goods, arrange them, sell them, and then eat around noon. After that, I stay out until 11 or 12 at night.",,
FGD6_P3,Barriers to Coping Heat,Economic Consideration,,"“When I think of heat, I imagine that if I had the money, I’d install AC in my shop and all over my house. But since I don’t have that financial ability yet, I can’t do it.”",,
FGD6_P3,Barriers to Coping Heat,Economic Consideration,,"“When the sides get waterlogged, trees die, causing further issues. Roads aren’t good either.”",,
FGD8_P4,Barriers to Coping Heat,Economic Consideration,,"If people were slightly better off, they could install air conditioning or use two fans instead of one. But because they are poor, those things aren’t affordable.",,
FGD-8_P4,Barriers to Coping Heat,Economic Consideration,,"If people were slightly better off, they could install air conditioning or use two fans instead of one. But because they are poor, those things aren’t affordable.",,
FGD8_P6,Barriers to Coping Heat,Economic Consideration,,But there are situations where people can’t afford even this expense.,,
FGD-8_P6,Barriers to Coping Heat,Economic Consideration,,But there are situations where people can’t afford even this expense.,,
FGD-9_P5,Barriers to Coping Heat,Economic Consideration,,"Separating would increase rent, and we wouldn’t be able to afford it.",,
FGD-9_P9,Barriers to Coping Heat,Economic Consideration,,"Right, hospitals are far away. Now think, I have a loan installment of 500 taka today. I have to work I can’t afford to go to the hospital.",,
KII_P2,Barriers to Coping Heat,Economic Consideration,,"Some people are forced to get into cars and then get out. Or maybe those from the lower-middle class who work in malls stay in air conditioning all day, but when they step out after being in AC for eight or nine hours, they have to face the outside conditions. When they get home, there's no AC there, and this becomes a pressure. Physiologically, it creates disturbance. Especially for students at BRAC University, they attend classes in AC but may not have AC at home. This, too, has an impact if the situation is like that.",,
KII_P6,Impact of Heat,Economic Impact,,"So, the first focus on heat, I think, happened in the 2022 NAP. There, it separately mentioned how much employment or GDP impacts will come due to heat.",,
FGD2_P8, Heat Sensitivity,Elderly,,"And for adults, it’s the heat waves—they are the problem.",,
FGD2_P6,Heat Sensitivity,Elderly,,"It was a man, a slightly older individual.",,
FGD5_P2,Heat Sensitivity,Elderly,,“Laborers and older people.”,,
FGD5_P8,Heat Sensitivity,Elderly,, “Laborers and older people.”,,
FGD6_P6,Heat Sensitivity,Elderly,, “Children and the elderly.”,,
FGD7_P3,Heat Sensitivity,Elderly,,"Yes, and elderly people also get sick more frequently.",,
FGD8_P5,Heat Sensitivity,Elderly,,"The elderly and children suffer the most. They can’t express it well or tolerate it. The elderly may call us for help, but sometimes we’re too busy to respond immediately. And children—they can’t articulate what’s wrong. They’ll jump around or cry, but they can’t explain their discomfort. It’s up to us to understand that they’re feeling unwell. But even then, we prioritize finishing our work first before attending to them.",,
FGD-9_p4,Heat Sensitivity,Elderly,,Who suffers the most from the heat? Mostly the elderly and small children.,,
KII_P2,Heat Sensitivity,Elderly,,"Of course, women are more vulnerable, since they stay home. Then there are children and the elderly, who are the most vulnerable in our society. The key point is that the group who does not earn and is dependent on others is always the most vulnerable. This vulnerability is determined by the economic aspect. The person who has money in the household, the person who earns, and the one who doesn’t—these situations differ greatly. So, I believe if we both earn, we can share the responsibility of cooking. The vulnerability is shared between us. But it’s hard to generalize that one person will bring their earnings and give them to the other. It’s complicated.",,
KII_P6,Heat Sensitivity,Elderly,,"The urban population is the highest, and if you can't reach them, your warning isn’t going to be effective. There are two or three groups that I believe are highly sensitive—children, for example, who are somewhat taken care of by closing schools. So, children are somewhat included in the group. Elderly population, too.",,
FGD3_P1,Heat sensitivity,"Elderly, Children",,Especially for children and the elderly.,,
"FGD3_P1,P9",Heat Sensitivity,"Elderly, Children",,"This muggy heat—does it cause health problems in the area, to your knowledge? Yes, it does. Especially for children and the elderly. It affects children the most. Children and older people suffer the most.",,
FGD3_P9, Heat Sensitivity,"Elderly,children",,"If this environment didn’t exist, the heat would be unbearable. This is why children and elderly people fall ill often, with fevers and various diseases.",,
FGD-8_P5,Heat Sensitivity,"Elderly,children",,"The elderly and children suffer the most. They can’t express it well or tolerate it. The elderly may call us for help, but sometimes we’re too busy to respond immediately. And children—they can’t articulate what’s wrong. They’ll jump around or cry, but they can’t explain their discomfort. It’s up to us to understand that they’re feeling unwell. But even then, we prioritize finishing our work first before attending to them.",,
FGD-9_P8,Heat Sensitivity,"Elderly,children",,"The elderly, kids, and those with weaker health face the most problems.",,
FGD2_P6, Adaptive Capacity,Electric Fans,,We used to go to shops to get some air (electric fans).,,
FGD8_P10,Adaptive capacity,Electric Fans,,"Yes, it feels like the fan pulls the heat from the tin roof and blows it down.","Electric fans are the most effective way to deal with indoor heat. Although some participants mentioned that using a fan in the tin-shed house draws hot air, making the heat unbearable. Therefore, even in this extreme heat, they sometimes keep the electric fan switched off. Unfortunately, during heat waves, fans don’t provide much of a relief. For that reason, some of the participants think air conditioner is the best solution to feel comfortable and it’s not a luxury anymore if one can afford it. They even wished to install an AC to be comfortable and relaxed during the hot days, but couldn’t afford it due to economic constraints. ",
FGD2_P1,adaptive capacity,Electric Fans,,"For you, it’s near the road but inside the shop. Do you use a fan there? Yes.",,
FGD4_P3,Adaptive capacity,Electric Fans,,“We use fans.”,,
FGD5_P2,Adaptive capacity,Electric Fans,, “It depends on one’s financial capacity. (Another participant speaks in the background.) Everyone has fans at home. Some even have air conditioners. That’s about it.”,,
FGD5_P8,Adaptive capacity,Electric Fans,," “Some people get sick from the heat. When that happens, we bring them to the prayer area, let them rest under a fan, and give them water until they feel better.”",,
FGD-8_P10,Adaptive capacity,Electric Fans,,"I’ve seen in many places that in tin-shed houses or homes with bamboo walls, people turn off their fans during hot weather. This is because the fan actually increases the heat from the tin roof. That’s why, even during hot weather, they turn off the fan to reduce the heat.",,
FGD-8_P2,Adaptive capacity,Electric Fans,,"Yes, it feels like the fan pulls the heat from the tin roof and blows it down.",,
FGD-9_P1,Adaptive capacity,Electric Fans,,"There are a few exhaust fans, but they don’t work well. The temperature is so high that the fans don’t make much of a difference. They seem like they were installed just for show.",,
FGD-9_P9,Adaptive capacity,Electric Fans,,"household facilities Yes, yes. Do you all have fans or fridges at home? Yes, definitely.",,
"FGD4_P2,P3",Heat Sensitivity,Electricity Availability,,"“No, we don’t have electricity.”",,
FGD2_P6,adaptive capacity,"electrin fan, bating",,"So, when you get home, the fan is the way to cool down. You also mentioned taking a shower, which helps reduce the heat.Yes.",,
FGD3_P7,Barriers to Coping Heat,Encroachment,,"Not far from here, there’s the 300 Feet Road. It’s about 2 or 3 kilometers away—maybe less. It could be around 2.5 kilometers. If you go just a little further, you’ll see how vehicles are moving there. The 300 Feet Road is very close to us. From here, you can also see the airport and hear the sound of planes. It’s about 4.5 to 5 kilometers away—a 10-minute drive. There’s still a lot of land in our area that hasn’t been filled yet. Developers will want those lands too. For example, I sold my land, but someone else hasn’t sold theirs yet. My land was filled with sand, and their land was filled alongside it. These issues are causing conflicts, but the developers have more power, and the landowners can’t do anything.",,
FGD5_P11,Barriers to Coping Heat,Encroachment,,"“There’s a passenger shelter on this side, but it’s occupied by vendors. (P8: Yes, there is one.) Beside the counter on that side, there’s another shelter, but vendors occupy that too.”",,
FGD5_P11,Barriers to Coping Heat,Encroachment,,"“And even if they provide them, they’ll just get occupied again.”",,
FGD6_P2,Barriers to Coping Heat,Encroachment,,"“Shops have been set up on those spaces, so trees would have to be planted there.”",,
FGD8_P5,Barriers to Coping Heat,Encroachment,,Whatever space is available by the roadside is taken up by shops. They even rent out that space.,,
FGD-8_P5,Barriers to Coping Heat,Encroachment,,Whatever space is available by the roadside is taken up by shops. They even rent out that space.,,
FGD-9_P9,Barriers to Coping Heat,Encroachment,,"Nowadays, many landlords don’t allow access to the rooftops. For example, I can’t even go up to the roof to breathe fresh air or take a walk with my children.",,
KII_P2,Barriers to Coping Heat,Encroachment,,"New buildings are all boxes, but these buildings have plenty of ventilation. Unfortunately, we end up closing off those spaces. For example, our Biological Faculty—engineering structures look nice, but when you go to the middle, there’s space for air to circulate, and you’ll see spaces on both sides. But many departments close this area and create two rooms here. They didn’t think that the airflow would be disrupted by blocking these spaces. In Computer Science, they’ve turned the air circulation area into a prayer space. It’s a good thing that everyone prays, but if I say to keep that space open, they’ll say they don’t like prayer. They’ve even turned food areas into rooms. So, we are actually causing these problems due to the negligence of those in authority.",,
KII_P6,Heat Exposure,Encroachment,," But I’m sorry to say, from the papers I’ve been reading, everything that's happening, like the special analysis of Dhaka City, land use is increasing the heat",,
FGD6_P3,Psychological Responses,Fatalistic Belief,,“Some of it is beyond explanation—it depends on the Creator who decides the temperature. We can’t really explain it.”,,
FGD7_P3,Psychological Responses,Fatalistic Belief,,Heat is everywhere. You can’t reduce heat everywhere. That’s just how it is for us.,,
FGD7_P3,Psychological Responses,Fatalistic Belief,,"Whatever happens, happens. If it’s cold, it’s Allah’s will. If it’s hot, it’s also Allah’s will.",,
FGD2_P6,Heat Sensitivity,Female,,"P6: No, women also face temperature issues, but especially elderly people feel the heat more",,
"FGD2_P6,P7,P3",Heat Sensitivity,Female,,,,
FGD4_P4,Heat Sensitivity,Female,," “In our area, it’s mostly the women and children.”",,
FGD4_P5,Heat Sensitivity,Female,,“Girls tend to get sick more.”,,
FGD4_P5,Heat Sensitivity,Female,,"“At Dhaka University, the girls get sick more.”",,
FGD6_P1,Heat Sensitivity,Female,,"“Due to frequent load shedding in the heat, women mostly stay home and cook, which leads to sweating, causing more problems.”",,
FGD6_P6,Heat Sensitivity,Female,,"“The biggest problem is that you can't always stay in air-conditioned spaces. Not all rooms have AC. Maybe the dining or living room has it, but the kitchen never does. This makes women feel extremely exhausted and prone to illnesses.”",,
KII_P2,Heat Sensitivity,Female,,"Of course, women are more vulnerable, since they stay home. Then there are children and the elderly, who are the most vulnerable in our society. The key point is that the group who does not earn and is dependent on others is always the most vulnerable. This vulnerability is determined by the economic aspect. The person who has money in the household, the person who earns, and the one who doesn’t—these situations differ greatly. So, I believe if we both earn, we can share the responsibility of cooking. The vulnerability is shared between us. But it’s hard to generalize that one person will bring their earnings and give them to the other. It’s complicated.",,
KII_P3,Heat Sensitivity,Female,,"are there any other groups at higher health risks due to rising temperatures? Children and women. Children and women? Yes, they are the most vulnerable groups.",,
FGD7_P9,Adaptive capacity,Food Habit,,"Most of all, sago is good because it cools the body.","Food items such as soaked rice (panta vaat), sago grains, and vegetables with high water content, like papaya, bottle gourd, and sweet pumpkin are commonly consumed to help regulate body temperature. These foods help keep the body cool, mind calmer and sleep better at night. Most participants said that they particularly include this type of diet during the summer.",
"FGD7_P1,P3,P7",Adaptive capacity,Food Habit,,"Sago grains. People here don’t eat sago much. Porridge and fermented rice are eaten more. People eat soaked flattened rice too. They eat rice porridge, soaked flattened rice with bananas—those kinds of things.",,
FGD7_P2,Adaptive capacity,Food Habit,,"Yes, we eat cooling vegetables like papaya, bottle gourd, and sweet pumpkin.",,
FGD8_P1,Adaptive capacity,Food Habit,,but we eat more soaked rice (panta bhat). It feels a bit cooling,,
FGD-8_P1,Adaptive capacity,Food Habit,,but we eat more soaked rice (panta bhat). It feels a bit cooling,,
FGD-8_P2,Adaptive capacity,Food Habit,,"Yes, we eat cooling vegetables like papaya, bottle gourd, and sweet pumpkin.",,
FGD8_P3,Adaptive capacity,Food Habit,,It helps you sleep better.,,
FGD-8_P3,Adaptive capacity,Food Habit,,It helps you sleep better.,,
FGD8_P6,Adaptive capacity,Food Habit,,eating soaked rice helps with restlessness—it feels cooler.,,
FGD-8_P6,Adaptive capacity,Food Habit,,eating soaked rice helps with restlessness—it feels cooler.,,
"FGD3_P2,P1,P6",Heat Exposure,Household Cooking,,"Cylinders. R: Cylinders. Is there a lot of cooking done using firewood stoves? P6: Yes, most of it. P2: About 90%, I’d say.",,
"FGD3_P9,P2",Heat Exposure,Household Cooking,,"Time spent under direct sunlight. The heat is different in two ways. One is from cooking with fire, and the other is from the sun. But here, the heat from the sun is more intense. When the fire is burning more, that heat is bearable. But otherwise, the sun’s heat is what causes the problem here. The heat here is natural, like it is in our country.",,
FGD-6_P3,Heat Exposure,Household Cooking,,"“When exposed to the heat from cooking, even working for a short while can make someone feel out of breath.”",,
FGD7_P10,Heat Exposure,Household Cooking,,It gets unbearable during cooking.,,
FGD7_P3,Heat Exposure,Household Cooking,,It’s much worse then.,,
FGD7_P9,Heat Exposure,Household Cooking,,"The sweat doesn’t stop, and you feel hotter than usual.",,
FGD2_P7, Heat Exposure,Household Exposure,,"Yes, airflow works.",,
FGD2_P1,heat exposure,Household Exposure,,It gets really hot inside the room on the roof during the day.,,
FGD-4_P3,Heat Exposure,Household Exposure,," “Mostly, women stay at home, so they feel the heat more.”",,
FGD-8_P4,Heat Exposure,Household Exposure,,"Compared to regular houses, tin-shed houses are much hotter. When I go to tutor students in a tin house, I feel like I can’t bear it for even an hour—it’s that hard. I think tin-shed houses are much more difficult to endure than regular houses.",,
FGD-8_P6,Heat Exposure,Household Exposure,,"Tin heats up quickly, I mean, the heat is intense.",,
FGD-9_P4,Heat Exposure,Household Exposure,,"I told you earlier, the heat and sunlight make it unbearable to sit in certain rooms. Even with fans, the heat feels stronger.",,
FGD2_P6,Other Recommendations,Individual responsibilities,,"For example, someone in front of me suddenly fainted due to discomfort caused by the heat.",,
FGD2_P7,Other Recommendations,Individual responsibilities,,"Whoever is around will help, regardless of whether they know the person or not.",,
FGD2_P7,Other Recommendations,Individual responsibilities,,"It’s everyone’s responsibility, whether they know the person or not. I believe everyone has the same responsibility.",,
FGD-4,Other Recommendations,Individual Responsibility,," “Listen, if they cut these trees now, considering the current situation, in 20 years, the city will turn into a desert. We need to plant a lot of trees, on the roads, in empty spaces—there should be extensive tree planting everywhere. The weather has changed a lot compared to before.”",,
FGD-6,Other Recommendations,Individual Responsibility,,"“From our side, we’re willing to provide as much support as needed.”",,
KII_P6,Heat Exposure,Indoor Heat,,"Indoor heat, yes. Indoor means just an environment, how heat is impacting the indoor environment.",,
"FGD3_P1,P2,P3",Heat Exposure,Indoor Ventilation,,"Yes, it’s blocked. The air doesn’t circulate freely? No, no. If we open the windows, the air comes in and flows out. So it flows out from the other side. This is called cross ventilation, where the air enters from one side and exits through the other. Is that available in your homes? ",,
FGD-4_P1,Heat Exposure,Indoor Ventilation,,"“Until the 15th of Ashwin, the heat is unbearable. During that time, we stay indoors.”",,
FGD-4_P2,Heat Exposure,Indoor Ventilation,,"“The fan blows hot air, making the heat feel worse.”",,
FGD-4_P3,Heat Exposure,Indoor Ventilation,,"“Still, the heat from the tin roof makes it uncomfortable.”",,
FGD-4_P6,Heat Exposure,Indoor Ventilation,,"“Fans are on, but it doesn’t reduce the heat.”",,
FGD-5_P11,Heat Exposure,Indoor Ventilation,,“Forget open spaces,,
FGD-5_P8,Heat Exposure,Indoor Ventilation,,“People go outside. It’s just too hot to stay indoors.”,,
FGD-5_P8,Heat Exposure,Indoor Ventilation,, “And there’s no way to open windows properly.”,,
FGD7_P3,Heat Exposure,Indoor Ventilation,,"One room here, another room there – how can there be proper ventilation?",,
FGD7_P9,Heat Exposure,Indoor Ventilation,,"Do you have proper ventilation at home? Yes, there are windows. One or two windows? Yes, but airflow isn’t consistent.",,
FGD-8_P5,Heat Exposure,Indoor Ventilation,,"So, there’s no proper system for air circulation, right? No.",,
FGD-8_P6,Heat Exposure,Indoor Ventilation,,"Okay. Are the doors and windows in your house sufficient for ventilation? I mean, are they adequate? No, not in all places.",,
FGD-8_P6,Heat Exposure,Indoor Ventilation,,"Unless the area is open, air can’t circulate. If it’s not open, there’s no chance for air to enter.",,
FGD-9_P1,Heat Exposure,Indoor Ventilation,,"There’s no ventilation. In the evenings, after sunset, all the heat starts building up even more. Tin-roofed houses, however, start cooling down gradually if the weather becomes normal. By night, those rooms don’t remain as hot.",,
FGD-9_P1,Heat Exposure,Indoor Ventilation,,"There are windows, but not many. And even then, they’re often blocked by adjacent buildings.",,
FGD-9_P4,Heat Exposure,Indoor Ventilation,,Landlords often think about opening windows or doors so tenants can get airflow. But those on the lower floors can’t even breathe properly.,,
FGD-9_p4,Heat Exposure,Indoor Ventilation,,"If there were proper ventilation, the heat could have lessened a bit.",,
FGD-9_P5,Heat Exposure,Indoor Ventilation,,"Here, it’s surrounded by buildings. There’s no proper system for air circulation.",,
"FGD2_P6,P7",Heat Exposure,"Indoor Ventilation, Buildings types",,"On the other hand, some areas with only 2 or 3 houses in an open space get airflow. Those areas get proper airflow.",,
"FGD3_P2,P4,P9",Heat Exposure,Industries,,"No. There is one large organization, Nipa Group, near the 300 Feet Road. They’ve created garment jobs for 40–50 thousand people. Other than that, there are a few small-scale garment factories employing 100–200 people. There’s another one visible from here. You can see it from here. Three or four in this area",,
FGD7_P3,Heat Exposure,Industries,,"That’s why the temperature is higher. It wasn’t like this before, it’s gotten worse because of these reasons.",,
FGD7_P8,Heat Exposure,Industries,,The smoke from factories all around increases the temperature.,,
FGD-8_P6,Heat Exposure,Industries,,"The heat and smoke from the mills and factories spread throughout the area. Most of the factories here are mills, printing presses, silver workshops, rolling mills, and steel mills. The heat and smoke from them spread across the area. ",,
FGD-9_P2,Heat Exposure,Industries,,Heat and the factories nearby.,,
FGD-9_P2,Heat Exposure,Industries,,The heat is caused by the factories.,,
KII_04_M3,Heat Exposure,Industries,,"Along with that, you can also consider that many brick kilns have increased around Dhaka.",,
KII_04_M4,Heat Exposure,Industries,,"Now, when such extreme temperatures occur, you have to consider that in Dhaka, temperatures rarely exceed 36–38°C. But during this event, people in Dhaka appeared more distressed than those in marginal rural areas. Why? Because Dhaka is a heat-trapped city—there is poor ventilation, high-rise buildings, and many industrial zones. Additionally, at night, diesel-run trucks operate across Dhaka.",,
FGD2_P2,Recommended Adaptation Strategies,Innovative suggestions,,"Giving half a liter of water, or a saline solution or something like that, would make a big difference in those times",,
"FGD2_P7,P3",Recommended Adaptation Strategies,Innovative suggestions,,"Yes, it’s always cool here. P3: Yes, it would always be cool.",,
FGD2_P9,Recommended Adaptation Strategies,Innovative suggestions,,"If this kind of help could be provided to those who work on the streets, the ones who sell labor and are on the move, it would be really impressive",,
FGD3_P4,Recommended Adaptation Strategies,Innovative suggestions,,"First, you need to reduce the number of buildings. Turn them into tin-roofed buildings and plant trees—then the environment will improve.",,
FGD3_P9,Recommended Adaptation Strategies,Innovative suggestions,,"To prepare, we need to create a large playground. Surround it with trees and make the environment such that it provides comfort and peace. Kids, elders—everyone—will be able to find some relief there. If this kind of environment is created, the area will return to its earlier state of balance.",,
FGD-5_P11,Recommended Adaptation Strategies,Innovative Suggestions,,"“Another thing is to reduce the population in Dhaka. (M: Alright.) Move the mills and factories out of Dhaka, and reduce the number of vehicles in the city. Heat increases due to vehicles, factories, and population.”",,
FGD-5_P11,Recommended Adaptation Strategies,Innovative Suggestions,,"“Yes, and because of the population too. (M: Because of the population too?) Yes. Why is everything concentrated in Dhaka? The Secretariat could be moved to Gazipur or the 300-feet area in Uttara. The Bangabhaban could also be relocated. Motijheel, as a commercial area, could be shifted further away. If one side of Dhaka is cleared, a significant portion of people will move out. This will reduce the heat in Dhaka.”",,
FGD-5_P11,Recommended Adaptation Strategies,Innovative Suggestions,,"“To manage this, we must reduce the population density, relocate industries and factories outside Dhaka, and plant more trees. Whether it’s at your home, my home, or on public rooftops, planting trees is essential (M: Planting trees is necessary). There’s no alternative.”",,
FGD-5_P11,Recommended Adaptation Strategies,Innovative Suggestions,,"“Yes, regarding the initiatives by the government or organizations like yours, the rooftops of both public and private markets that are currently unused could be turned into permanent gardens. Completed market buildings with accessible rooftops could grow plants, whether vegetables or timber, which could help with oxygen production. This can be done by the government, by forming committees, or even leasing it out to others. Markets that are still under construction may require alternative solutions. However, for completed structures where no further levels will be added, rooftop gardening is a viable option.”",,
FGD-6_P1,Recommended Adaptation Strategies,Innovative Suggestions,,"“Because Mayor Atique, the former mayor, once said that those who have rooftop gardens will get a waiver on holding tax. He made such a declaration.”",,
FGD-6_P3,Recommended Adaptation Strategies,Innovative suggestions,,"“One thing is, the organization might not provide such facilities at individual shops. But if they want, they could set up something permanent in the market area. That way, if someone feels uncomfortable in a shop, they could go there, relax a bit, and get some relief from the tension. If there’s a place to sit, AC, water to wash hands and face, and a spot to drink water, people could have a glass of water, sit comfortably, and come back refreshed. But we currently don’t have such facilities. If you (the organization) feel it’s feasible, you could make arrangements. Otherwise, things will continue as they are. Earlier, people lived up to 85 or even 100 years, but now we might only live till 60. That’s just how it is.”",,
FGD-6_P8,Recommended Adaptation Strategies,Innovative suggestions,,“There are some ideas,,
FGD-6_P9,Recommended Adaptation Strategies,Innovative suggestions,,"“One thing you can consider is setting up two passenger shelters, two dustbins, and two public water points in the Kawla Bazaar area.”",,
FGD-6_P9,Recommended Adaptation Strategies,Innovative suggestions,,“Arranging artificial rain could be a solution.”,,
FGD7_P10,Recommended Adaptation Strategies,Innovative suggestions,,Will installing air conditioners alone reduce the heat? At least it will reduce the heat for the body. Every house should get an air conditioner.,,
FGD7_P6,Recommended Adaptation Strategies,Innovative suggestions,,"If the authorities could install air conditioners in every house, it would reduce the heat.",,
FGD-8_P5,Recommended Adaptation Strategies,innovative suggestions,,The government could provide air conditioning for every household.,,
KII_04_M2,Recommended Adaptation Strategies,Innovative suggestions,,"This is why it is often recommended to avoid working after 10 AM. People are advised to start work at 6 AM, stop by 10 AM, and then resume after 3 or 4 PM—avoiding work during peak heat hours.",,
KII_04_M3,Recommended Adaptation Strategies,Innovative suggestions,,"Personally, my advice has been to encourage indoor plantation because it's naturally possible to get oxygen-rich air inside the house.",,
KII_P2,Recommended Adaptation Strategies,Innovative suggestions,,"In places where there’s nothing, I can’t just demolish buildings and create open spaces, but if there are buildings, there can be incentives for adding greenery to rooftops, right? That way, site-specific planning needs to be done.",,
KII_P3,Recommended Adaptation Strategies,Innovative suggestions,,"That’s where the land-use plan went wrong. We, the residents of this city, made mistakes. Now we have to find ways to correct them. There are alternatives, like the Miyawaki forest concept, where trees can be planted densely in small spaces. We can also promote rooftop gardening and encourage children to participate in greening initiatives. This could bring about a change.",,
KII_P5,Recommended Adaptation Strategies,Innovative suggestions,,"Furthermore, based on the instructions from the current chairman of RAJUK and the revised regulations, we are trying to include something in the revised building codes. It is already at the Gazette stage, and that is the setback rule. When a building is constructed, the setback areas, which are mandatory, will also require the planting of trees. We are planning to provide an incentive for planting trees, which is already in the Gazette stage. Yes? When the trees are planted, they will play a significant role in maintaining the temperature at a bearable level.",,
KII_P5,Recommended Adaptation Strategies,Innovative suggestions,,"Another thing we're saying is that especially in the Rajuk area, like you mentioned the Uttara Third Phase or your mention of Purbachal, there are still many vacant areas in Purbachal. We are making a policy and it has been stated that if any plot is allocated by Rajuk, it will be given a specific time frame for development. If the plot is not developed within the stipulated time, it will be canceled. This decision is coming from our authority, and they are taking such steps. So at least, when a development happens, we expect that the surrounding environment, like planting trees or making environmental changes, will be improved.",,
KII_P5,Recommended Adaptation Strategies,Innovative suggestions,,"Right, right. We are trying to motivate green infrastructure or green transport. We prioritize things like bicycle lanes or walkways.",,
KII_P5,Recommended Adaptation Strategies,Innovative suggestions,,"Because if Dhaka city continues like this, in the next 20 years, Dhaka will become a dead city. Dhaka will become uninhabitable. Then all the investments, income sources we see today in Dhaka city, if foreign investments do not come to Dhaka city, if they do not come to Bangladesh, then these income sources will decrease. The income sources that are coming to Dhaka city, what we need to do, the main thing, is decentralization. There is no other way. Once I can decentralize, then I can handle all the parameters while keeping them in mind. For example, climate migrants, people from river erosion areas, cyclone-prone areas, flood-prone areas, they move to Dhaka. Why do they move to Dhaka? Because they have income sources in Dhaka. They have no income sources there. So, when they move to Dhaka, the burden of that population falls on Dhaka, and this extra burden on Dhaka is unavoidable. This is the main issue.",,
KII_P6,Recommended Adaptation Strategies,Innovative suggestions,Community leadership,"You need larger canopy trees for that. For example, think about Bashundhara. When you entered through the 300-foot road, up to the Apollo Gate, there was full shading with large trees like Krishnachura, which provided good canopy coverage. But just a few months ago, all those trees were cut down, and they paved the pathway.",,
KII_P6,Recommended Adaptation Strategies,Innovative suggestions,,"“It’s a very good question. Now, you see, within the same city, if you walk in Gulshan or Banani Park, you won’t feel this way. But if you go to Karwan Bazar or the parks you mentioned, I mean, more like towards South City Corporation. Actually, who’s to blame for this? I mean, what we need to do sometimes is give the community the leadership in some places. How community leadership can share the responsibilities with the community—that shared ownership, as we say. Take Shahabuddin Park or Gulshan Park for example, you will notice that alongside DNCC, the local people have a significant influence. And they say, ""This is important for our well-being. If you don’t do something, we will.”",,
KII_P6,Recommended Adaptation Strategies,Innovative suggestions,Stakeholder Engagement,,,
KII_P7,Recommended Adaptation Strategies,Innovative Suggestions,,"“In the Geology department. What is sustainable development? It's development without compromising the future. Development without compromising the future needs. It’s such development, without compromising environmental degradation. You will not find any development in the world that does not harm the environment. Directly or indirectly, education is also a development that harms the environment indirectly. For education, you need big schools, colleges, roads, laboratories—don’t you need those? Wouldn’t that cause harm? Yes, but less harm. So, the philosophy of development is that development is not possible without environmental harm. However, the development that causes the least harm is what we should aim for. That's why we are considering eliminating fuel energy, coal energy—thinking about wind energy, solar energy, clean energy...”",,
KII_P9,Recommended Adaptation Strategies,Innovative suggestions,,"“That's why we need to focus on mental health, social well-being, and activities that promote well-being. We will need to take those into account.”",,
FGD2_P6, Adaptive Capacity,Instant Assistance,,"As for other measures, if I feel more uncomfortable, I just take the car and go home. Once I’m home, I take a shower and rest a bit to cool off. I lie under the fan. You know what I do? These shirts I wear, I dip them in water, squeeze them a little, and put them on my body..",,
FGD-5_P10,Adaptive capacity,Instant Assistance,,"“once, during a severe heatwave (P8: It was so hot that we took the initiative from our market), all the businesspeople in the market pooled funds (P2: We collected money from the market), bought glucose water and distributed it to rickshaw pullers, van drivers, and bus drivers. It’s something we do occasionally.”","In times of severe heat waves, people come forward to help others cope with the consequences of heat by sharing and donating water, saline, medicine, umbrellas etc. These measures are taken mainly to ease the challenges faced by the people working on the streets. People working outdoors are exposed to direct heat from the sun and are more vulnerable to dehydration and heat stress, leading to heat strokes. Therefore, some participants mentioned that they collectively help each other. However, even after such measures many people fall sick. In those cases, other members of the community come forward, immediately tend to the sick ones by taking them to a cool place with a fan or pouring water on their heads and sometimes taking them to hospitals if needed. Usually, during such extremely high temperatures, some people take frequent showers, which provides immediate but temporary relief, but they begin feeling hot as time passes. If they can’t take a shower, they sometimes sponge their bodies with soaked sponges. Some of the participants even mentioned going beyond just taking a shower to get relief from heat. Some participants reported that when the heat is severe, the inside of the house feels like an oven. So many people who live in tin-roofed houses pour water over their roofs, which makes them a little cooler during extreme heat outside. Some of the residents even soak fabric and put it under their roof. Similarly, pouring water over the floor is also a common practice to make the heat a little more bearable as the water cools the floor and room for a while.",
FGD-5_P2,Adaptive capacity,Instant Assistance,,"“No, no major incidents have occurred here. Thankfully, we haven’t faced any catastrophic accidents. However, when someone falls ill due to heat, we shopkeepers collectively help to stabilize the person. If needed, we take them to Dhaka Medical. We also have 24 fans here, which we turn on and create arrangements to cool the person. We provide cold water if necessary. That’s all.”",,
FGD-5_P8,Adaptive capacity,Instant Assistance,,"“For example, during that heatwave, we bought small bottles of saline, mixed it with water, and distributed it to those struggling in the heat—rickshaw pullers, for instance. We collected money individually (P10: This was purely private initiative).”",,
FGD-6_P2,Adaptive capacity,Instant Assistance,," “Then, we rush to get water—buy it if necessary—and do whatever we can to help. Whoever has the means helps in their own way, and we take the person to a nearby medical facility.”",,
FGD-6_P6,Adaptive capacity,Instant Assistance,," “I keep enough water in my shop. If anyone asks, I offer it. You can’t say no to someone in need.”",,
FGD-6_P7,Adaptive capacity,Instant Assistance,,"“Our supervisor Sufian Dewan arranges umbrellas for us. For our staff, especially those struggling in the heat, he provides medicine, oral rehydration salts, or cold water.”",,
FGD-6_P7,Adaptive capacity,Instant Assistance,," “For instance, there are three buildings under construction near us. Workers are working on the rooftops in this heat. So, I decided to help by providing them with caps and helmets. I also ensure they get oral saline daily. Since they don’t like plain saline, I added flavor to make it taste better. I tell them, “If you don’t like regular saline, drink the flavored one. Just don’t get sick.” I’ve allocated two packets of saline daily for each worker. No matter how hot it gets, drinking two packets helps reduce fatigue and prevents heat strokes or heart attacks.”",,
FGD-8_P1,Adaptive capacity,Instant Assistance,,but we eat more soaked rice (panta bhat). It feels a bit cooling,,
FGD-8_P3,Adaptive capacity,Instant Assistance,,"Even if water isn’t poured on the floor, when cleaning Pouring water cools it down momentarily, but then it gets hot again.",,
FGD-8_P6,Adaptive capacity,Instant Assistance,,"Some people even soak thick fabric and place it on top of the roof, or pour water over it. That also makes it a bit cooler.",,
FGD-8_p9,Adaptive capacity,Instant Assistance,,"In the evening, people pour water on the tin roof, and it feels cooler.",,
FGD-9_P9,Adaptive capacity,Instant Assistance,,"You’d have to say it happens frequently, even daily. People working in factories wear helmets, pour water on themselves, and then return to work. They pour a mug of water over themselves and get back to work in the rolling mills with extreme heat.",,
FGD2_P8,Barriers to Coping Heat,Lack of awareness,,There are also some mistakes in the planning,,
FGD3_P2,Barriers to Coping Heat,Lack of awareness,,"Like I said earlier, young people today are completely preoccupied with mobile phones. That’s 100% true. Nothing else registers with them except for mobile phones.",,
FGD3_P2,Barriers to Coping Heat,Lack of awareness,,"There is awareness. Everyone wants to plant a tree and enjoy its fruits.That’s something everyone has within them. But what happens is, say, my father planted this tree, and when it gets cut down, it deeply hurts me. I feel immense sadness in my heart. My father planted it, my father enjoyed its fruits, I enjoyed them, and my children enjoyed them too. But when it’s cut down, I think, ""Why bother planting another tree here? I won’t do it anymore."" R: I see. What’s the point of planting it? If I plant another one, they’ll cut it down again. What’s the benefit of planting something if it’ll just get cut down again?",,
"FGD3_P6,P2",Barriers to Coping Heat,Lack of awareness,,"That kind of awareness doesn’t exist in any area. It’s not just about our area you won’t see any journalist, leader, or activist talking about it. And the young generation needs to take the initiative. But they lack any initiative. Like I said, our mindset just isn’t there. Where will such things happen? It’s just not going to happen. If you create a big playground, will it increase problems here or reduce them?",,
FGD-8_P10,Barriers to Coping Heat,Lack of awareness,,"There’s a need for awareness, a lot of it.",,
KII_P3,Barriers to Coping Heat,Lack of awareness,,"our challenges are so many, the impact we get from heat lasts maybe for about 15 days or a month. Besides that, we have many ongoing challenges. As a result, the focus of the city corporation sometimes shifts. To keep this focus throughout the year, it requires continuous effort. I believe that if our civil society keeps up the pressure, the city corporation will pay more attention to this.",,
KII_P8,Barriers to Coping Heat,Lack of awareness,,"“I would say there is no awareness at all. Not only among vulnerable groups—no one is really aware. How conscious are you or I? The winter is ending, but more importantly, our seasonal patterns are changing. I don’t even know when summer will actually begin. Typically, we assume that as spring approaches, the heat will gradually increase. But this year, I haven’t even needed to wear a sweater. And today, for example, it’s cold again. This morning, before leaving home, I had to go back and grab a cardigan. I saw fog outside.”",,
FGD2_P3,Barriers to Coping Heat,Legality,,Didn’t they find any other land apart from the field? The government is the one causing harm,,
FGD2­_P9,Barriers to Coping Heat,Legality,,"They filled it up and created this council. The pond was here in our mosque area, and now we’ve kept it as an area-based project. This was something they wanted to take, but we didn’t give it to them. You have two in Uttar Khan both have been taken. So, it seems the government is taking it, what can you or I do?",,
FGD6_P7,Barriers to Coping Heat,Legality,,"“ We sought permission to arrange something ourselves, but we haven't received any response yet.”",,
KII_P5,Barriers to Coping Heat,Legality,,"In this case, they were willing and interested. But the problem is, what they tell us is that when a private housing project is developed, after they sell the plots, these plots no longer remain under their ownership. Instead, they become private property. Now, case by case, it depends on what an individual wants to do because they have their rights. So, pushing them to follow certain rules doesn't really have scope in this situation. This is a complication that remains here.",,
KII_P5,Barriers to Coping Heat,Legality,,"Although we haven't established green buildings in Dhaka city yet, we do have a pilot project underway, and we're already planning to construct a green building. According to the plan, if we increase the use of green materials, then the heat island effect from the steel or glass buildings we're constructing may be mitigated. While there is no embargo in our regulations on using glass buildings, a lot of people are still opting for glass-fitted buildings. However, the environment of Dhaka city isn't suitable for glass buildings. In cold regions abroad, it’s feasible, but not here. In the absence of laws, we cannot force anyone to stop using them. But we should promote these things, encouraging those building homes to be more dependent on green materials and avoid things like glass buildings that contribute to urban heat generation.",,
P9,Barriers to Coping Heat,Legality,,"They’ve been filled in to create the councilor’s office, land office, or police station. These three structures have replaced the ponds.",,
"FGD2_P1,3,6",Barriers to Coping Heat,"Legality, Encroachment",,"Alright. So, the two interesting points that stood out to me in what you said are: One is that the government is actually filling up the ponds, which means the government is playing a role in increasing the heat, as part of its policy.Yes",,
KII_04_M2,Barriers to Coping Heat,less adaptivity,,"6 automatic rain gauges have been installed across Dhaka city. Initially, 30 rain gauges were installed by WASA for urban drainage monitoring. However, we proposed installing temperature sensors at all 30 stations. This would allow us to gather temperature data from 30 different locations at a relatively low cost. Although it was recommended, for some reason, the plan was not implemented. If these 30 stations had temperature sensors, we could have gathered better data.",,
FGD2_P6,Barriers to Coping Heat,Less Blue Spaces,,"Or, here at the shrine, there used to be ponds. The water from many cool ponds was clear, and we would drink water from there. Now, that's not possible anymore.",,
FGD2_P6,Barriers to Coping Heat,Less Blue Spaces,,Not even one.,,
FGD2_P9,Barriers to Coping Heat,Less Blue Spaces,,"You probably won’t even recognize one or two ponds while entering or inspecting this area. There are no ponds, and the few that were here were government-owned. Now, every government office, like the councilor's office, police station, has taken up the land.",,
FGD3_P1,Barriers to Coping Heat,Less blue spaces,,"No, we don’t have ponds here.",,
KII_P3,Barriers to Coping Heat,Less Blue Spaces,,"Absolutely. Our reservoirs, our canals—Dhaka city has 52 canals, but now you can hardly find them anywhere. Many of them were present when I was a child. I am around 50 years old and a resident of Dhaka city. In our area, there was a pond called ""Jor Pukur,"" which was later converted into a playground. The field barely has any grass it's mostly sand. Naturally, this contributes to the heat. So, these things certainly have a big impact.",,
KII_P3,Barriers to Coping Heat,Less Blue Spaces,,"It will take time. Take Panthapath, for example—it used to be a canal. The canals in Fakirapool were also once waterways but have now become roads. Bringing changes there requires strong political motivation and significant demand from civil society. Everyone wants good things.",,
KII_P9,Barriers to Coping Heat,Less Blue Spaces,,"“Let me explain. The challenge of working in Dhaka is that many of the canals, which used to be part of the city’s system, have been compromised. Dhaka used to have beautiful canals, almost like Venice. I'm not saying it would have been exactly like that, as it’s a different pattern and more coastal, but we have failed. Our focus has been on short-term benefits. If people are not motivated, then Dhaka will not be a livable city. However, I am still hopeful. Our advisor was saying recently that they are trying to restore some canals. It’s time-consuming, but if we manage it, we could restore some of Dhaka’s rivers, like the Buriganga. Our advisor asked the German Vice-Chancellor at the COP to help clean our rivers. Then he (German Vice-Chancellor) replied, maybe sarcastically, that “if I win the election and become the Chancellor, I see your dream” (he will help with cleaning our rivers).”",,
FGD2_P7,Barriers to Coping Heat,Less Blue Spaces.,,"Absolutely. If there was water, water production, we could even bathe there. But now, that system doesn’t exist anymore",,
FGD-9_p5,Barriers to Coping Heat,"less green space,places to plant trees",,"There are no trees here. Even if we plant trees, there’s no space. Where there’s a little space, it’s used to build another room to rent out for income. That’s the system here.",,
FGD3_P1, Barriers to Coping Heat,less green spaces,,"There are no trees, except in Ramna Park ",,
FGD2_P2,Barriers to Coping Heat,Less Green spaces,,They’ve cut all the trees while working on the roads.,,
"FGD2_P2,P6,P7",Barriers to Coping Heat,Less Green spaces,,Is there any roof or shelter where you stay? No. We set up our shops on the footpath. We’re street vendors,,
FGD2_P7,Barriers to Coping Heat,Less Green spaces,,"This was being considered for the Patowarypara area, where they planned to fill up a pond, but that hasn’t happened.",,
FGD2_P7,Barriers to Coping Heat,Less Green spaces,,But there are places where there's no space even to stand in the shade for a minute,,
FGD2_P7,Barriers to Coping Heat,Less Green spaces,,The government is cutting trees along the roads,,
"FGD3_P1,P2",Barriers to Coping Heat,Less Green spaces,,"You’ll see some trees around the houses, but when you go inside, you’ll find trees are scarce..",,
"FGD3_P2,P4,P1",Barriers to Coping Heat,Less Green spaces,,"Absolutely not. But for constructing a 20-foot road, they’re cutting down all the trees. Every tree along the roadsides from Uttara to our area is being cut down for road construction. Thousands of trees have been cut. Some trees were 20, 30, or even 50 years old. The government cleared them for roads but didn’t plant new ones along the roadsides. They cut down trees for the road—sometimes even unnecessarily. They cleared everything, even 50 feet away from the road. So, they’re cutting down more than what’s required. Yes. They’re cutting indiscriminately. When they cut trees, even this road. This broken road here—there were so many trees along both sides of it. Some were over 50 years old, and they cut them all down. They didn’t need to cut that many.",,
FGD-8_P10,Barriers to Coping Heat,Less Green spaces,,"Yes, but here, we don’t have any trees. It’s overcrowded, there are no open spaces, and there are factories everywhere—that’s why.",,
FGD-9_p5,Barriers to Coping Heat,Less Green spaces,,"Also, we don’t have many trees here. The heat increases due to the garbage.",,
KII_P3,Barriers to Coping Heat,Less Green spaces,,"Previously, people could gather under trees for shade, but such spaces are disappearing.",,
KII_P9,Barriers to Coping Heat,Less Green spaces,,"“The forest department have already assessed this, I must say they are in a better position to talk about it. I was present at the meeting on behalf of the environment (department). They talked about their assessment there, and they mentioned that opportunities are becoming very limited. However, they are trying to minimize the situation by focusing on things like rooftop gardens and other relevant measures. This has become somewhat of a social issue, like a campaign, and many people are engaging in it.”",,
KII_P9,Barriers to Coping Heat,Less Green spaces,,"“Maybe they haven’t educated enough people, but there is an opportunity in the newer parts of Dhaka, especially in those areas, and they might have plans to expand it there.”",,
FGD2_P6,Barriers to Coping Heat,"Less Green spaces, Lack of awarenes.",,"if people like them come forward, why should the field be occupied? Use some other land. Keep the field open for play, or find another place for development",,
"FGD2_P7,P9",Barriers to Coping Heat,"Less Green spaces,Places to Plant Trees",,"There isn’t a pond in this area. No pond. There used to be ponds everywhere, but now there are none",,
KLL_P6,Barriers to Coping Heat,Less shades,,"You mean what kind of trees should be planted, right? You see, they have planted several bonsais on the airport road, right? A lot of money is being spent on this. But when you ask the question, yes, aesthetic or ornamental trees are fine. But how much are they actually contributing? I mean, if a passerby doesn’t have any shade, you see, from Banani, you will get one or two shades. So, if someone needs rest—imagine a person over 60 walking on the road—they need rest but there is no place to sit. They might sit on the road, but where is the shade? But if there were trees or a shaded area, they could have rested there for a while.",,
KII_P6,Heat Exposure,Less water bodies,,"Infrastructure, first of all. I mean, this is undoubtedly the case. Second, is the preservation of green lands. By Greenland, I mean the corridors where we had enough greenery. You should check whether those exist there now. The second thing is water bodies, meaning urban planning overall—how your water bodies are, how much greenery you have, and the public places, parks, avenues. You can hardly find any parks now. Gulshan Park, and even there, not everyone has access after a certain time. Then there's Banani Park there are only a few parks like these. But go to densely populated areas. How many parks will you find in Farmgate? And that park near Farmgate, towards Indira Road, near the Farmgate Police Box, wasn’t there a park there?",,
KII_P5,Barriers to Coping Heat,Low-income,,"In fact, this change might be something that a part of society or a group can adjust to, but in Dhaka city, out of a population of 2.5 crores, only about 20% or so can moderately afford this  they have the affordable capacity. But our lower middle or lower-income groups, they cannot afford this, so their situation needs to be considered. At the end of the day, they are the ones who suffer the most from this temperature issue.",,
KII_P5,Barriers to Coping Heat,Low-income,,"No, age-wise, health issues are something that affects everyone across all sectors or groups in some way. But if I were to create a hierarchy, definitely, those from the lower-income or low-income groups are the most affected. Those who are more vulnerable, such as those who have health issues or lifelong illnesses, or other problems, they are also affected. For example, people here suffer from dust allergies, cold allergies, and these are the issues arising from the temperature changes. In Dhaka city, more than 80% of households have allergy problems, such as dust allergies, cold allergies, and the instability in temperatures due to hot and cold weather. This causes us difficulty in adjusting. I am staying in a room with one temperature, but when I step outside, the temperature is different. When I leave the air-conditioned room, the temperature is completely different.",,
FGD2_P7, Health Impact,Mental Health,Mood,"The mood gets irritable, and we don’t feel like talking to people properly. That’s the kind of feeling we get.",,
FGD2_P3,Health Impact,Mental Health,Mood,It’s really the excessive heat that causes this feeling,,
FGD3_P2,Health Impact,Mental Health,Mood," Everyone wants to plant two trees, eat two fruits, enjoy a jackfruit, enjoy a mango—everyone wants that. But the emotional connection to trees has faded. I understand. There’s no need for it.",,
"FGD3_P2,P1",Health Impact,Mental Health,Mood,"The heat outside when we work is much worse. That heat is more unbearable. Yes, it’s more difficult when the sun is really strong.",,
"FGD3_P5,P2,P1,P9",Health Impact,Mental Health,Stress,"It’s tolerable, but there is severe heat, and people struggle to breathe. The heat isn’t that extreme here? Another thing is that you mentioned that people sometimes get fever, cold, or allergies during the hot season. Do you know if there are any mental health issues, like irritability or mood swings in the heat? No, no. No mood swings or irritability? Yes, in this country, people don’t have the luxury to have mood swings. They’re too busy to get irritated. People work hard, so there’s no time to be moody. We never get irritated here.",,
FGD-4,Health Impact,Mental Health,Stress,"In extreme heat, people get agitated.",,
FGD-4_P2,Health Impact,Mental Health,Other,“It makes you feel sick.”,,
FGD-4_P2,Health Impact,Mental Health,Other,"“Yes, it makes you feel unwell.”",,
FGD-4_P3,Health Impact,Mental Health,Irritation,"“In summer, under pressure from work, even if someone speaks kindly, it becomes irritating.”",,
FGD-4_P5,Health Impact,Mental Health,Other,“It definitely does.”,,
FGD-4_P6,Health Impact,Mental Health,Other,"“Yes, the body feels weak, you become unwell.”",,
FGD8_P5,Health Impact,Mental Health,Angry,"Tempers get short, nothing feels good, and there’s constant restlessness.",,
FGD-9_P2,Health Impact,Mental Health,Angry,"After working hard all day, or because of the heat, people return home with a bad mood and sometimes behave poorly, snapping at others: “I worked hard all day in this heat!”",,
FGD-9_p4,Health Impact,Mental Health,Angry,"When we return home from outside and ask for a glass of water, they respond, “Get it yourself!” They’re also frustrated from the heat.",,
FGD-9_P7,Health Impact,Mental Health,Angry,Anger rises within your body.,,
FGD-9_p9,Health Impact,Mental Health,Angry,"Does the heat make your mood worse? Of course, it does.",,
KII_04_M4,Health Impact,Mental Health,Stress,"Now, when such extreme temperatures occur, you have to consider that in Dhaka, temperatures rarely exceed 36–38°C. But during this event, people in Dhaka appeared more distressed than those in marginal rural areas.",,
KII_P10,Health Impact,Mental Health,Heat Stress,,,
KII_P4,Health Impact,Mental Health,Angry,"This heat exposure creates a mental imbalance, making us more aggressive. These impacts are affecting those of us who stay indoors most of the time.",,
FGD4_P1,Psychological Responses,Negative outlook,,“The heat can’t be reduced. The government can’t do anything about it.”,,
FGD4_P2,Psychological Responses,Negative outlook,,“The government doesn’t seem to have the capacity for that.”,,
KII_P6,Capacity,Neighbored country Approach,,"You may know about the Ahmedabad Heat Action Plan in India. So, what Ahmedabad is doing, similar to Bangladesh, is that initially, their disaster management plan did not include heat discussions. Later, when they noticed the reference value I mentioned in India, they set a reference value and said it wasn't within a particular range. They said that if it's in a hilly area, it would be 40 degrees, and in the plains, sorry, in the hilly area, it would be 35 degrees above, and in the plains, it would be 40 degrees, that's their range. And they are providing for two to three days. And if you talk about their heat action plan, it has been very community-driven, meaning when the municipality did it, they brought people from every stakeholder.",,
"FGD3_P1,P9",Heat Exposure,Neighbourhood Characteristics,,": If this environment didn’t exist, the heat would be unbearable. This is why children and elderly people fall ill often, with fevers and various diseases.",,
FGD7_P3,Heat Exposure,Neighbourhood Characteristics,," There’s a lot of sand around here, and sand holds heat.",,
"FGD7_P3,P5,P8",Heat Exposure,Neighbourhood Characteristics,,"Since they started dumping sand here, that’s when it started. It used to be open before, but now with all the sand, the heat has increased. It feels much worse.",,
KII_P3,Heat Exposure,Neighbourhood Characteristics,,"Yes, it's a mixed-use zone. Here, poor, middle-class, and wealthy people all live together. For example, right next to Gulshan is the Korail slum. Similarly, near Baridhara, you have Vatara and other dense settlements. The entire city is a cluster of mixed-use zones. The fundamental issue is that land use planning has never been properly implemented, which is the root cause of many problems in Dhaka today. This is not just a climate change issue—it is also linked to drainage, traffic management, housing, and education systems. The failure of proper land use planning from the beginning has contributed to all these challenges.",,
FGD7_P1,Heat Exposure,Neighbourhood Economic Condition,,Mostly middle-class.,,
"FGD3_P1,P2,P4", Heat Exposure,"Neighbourhood Economic Condition, Building Density",," There are fewer tall buildings. When you look around here, you see fewer houses. Everyone owns their own home. There are no tenants here",,
"FGD3_P2,P3,P4,P1,P9,P7",Heat Exposure,Occupational Exposure,,"Yes, a huge difference day and night. Night and day difference. Like heaven and earth. Blistering heat. Stuffy heat. Brother, just stepping out of the rickshaw, it’s scorching. The heat in Dhaka city is unbearable compared to our area here.",,
FGD-4_P2,Heat Exposure,Occupational Exposure,,“Open space; outdoors; “It’s all under the open sky.”,,
FGD-5_P2,Heat Exposure,Occupational Exposure,," “Yes, the heat is definitely intense. When it gets hot, the shops on the ground floor and inside the second floor become extremely warm. The fans can’t handle it, and we sweat a lot. However, our market is open at the top, which makes it slightly less hot compared to other markets.”",,
FGD-8_p7,Heat Exposure,Occupational Exposure,,"Women usually stay at home, so they don’t face as much hardship. Men, on the other hand, suffer more because they often get burned or work in places like rolling mills or steel mills. They drive rickshaws and sweat a lot. Women stay at home and cook, and they can even enjoy the fan’s breeze, which men don’t get to do.",,
FGD-9_P1,Heat Exposure,Occupational Exposure,,The temperature given for our equipment is high heat. The heat in our machines reaches 200–250 degrees.,,
FGD-9_P1,Heat Exposure,Occupational Exposure,,"It’s unbearably hot—beyond words. Inside our office, the temperature is always above 50 degrees Celsius.",,
FGD-9_P1,Heat Exposure,Occupational Exposure,,"The heat this time around was so intense that entering our office felt impossible. When we did enter, it felt as if our bodies were on fire from the sheer heat.",,
FGD-9_P2,Heat Exposure,Occupational Exposure,,"People like rickshaw pullers, auto drivers, those carrying bricks, or hauling sand—people in these kinds of jobs.",,
FGD-9_P4,Heat Exposure,Occupational Exposure,,"Mostly rickshaw pullers, day laborers, and those who do heavy lifting work.",,
FGD-9_P4,Heat Exposure,Occupational Exposure,,"There’s steam everywhere. Machines are running, boiling water is bubbling—it feels like your body just gives up. People become so exhausted, almost as if they’ve fallen ill. You don’t need to look far—just go to Balur Math in the 13th area. There’s a factory there where you won’t last even two minutes due to the heat. You’ll sweat profusely just standing there.",,
FGD-9_P5,Heat Exposure,Occupational Exposure,,"I see. For those of you who sell snacks or vegetables, do you have shaded spots to stand or sit?",,
FGD-9_p5,Heat Exposure,Occupational Exposure,,"we run our shops under the sun all day  by afternoon, we might find some shade.",,
FGD-9_P9,Heat Exposure,Occupational Exposure,,"Sister, honestly, everyone suffers, more or less. Take the factory workers, for instance. They’re drenched in sweat due to the intense heat from the fire. Isn’t that a form of suffering too? Everyone endures hardships.  some face more than others.",,
KII_P1,Heat Exposure,Occupational Exposure,,"Professional groups who work outdoors, such as police officers, traffic police, rickshaw pullers, porters, security guards, hawkers, and daily laborers in the construction sector.",,
KII_P2,Heat Exposure,Occupational Exposure,,"Well, you must have identified this already, it's mentioned in the paper as well. In a heat island, this is a theoretical discussion, but practically, in Dhaka city, we can't measure it in that way, and when we're driving, it's hard to understand the outdoor conditions. What I think is that the vulnerability in heat islands mostly affects those working in open spaces, like rickshaw pullers, even people driving baby taxis or autos, then traffic police, and those selling things on the street, the hawkers",,
KII_P3,Heat Exposure,Occupational Exposure,,"As a service-providing organization for Dhaka city, we primarily see that the most affected people are those from low-income groups, particularly laborers. Our activities revolve around sidewalks, markets, streets, bus stands, and bus shelters—areas where these people are frequently present",,
KII_P3,Heat Exposure,Occupational Exposure,,"Also, low-income working-class people, such as laborers. As an engineer, I have seen many workers faint due to excessive heat while working on the streets.",,
KII_P6,Heat Exposure,Occupational Exposure,,"“Then, how the air quality was, meaning, when working on a mass level in a production line, almost 1000 people are working together. So, how were the ventilation systems there? Also, what was the airflow like there?”",,
KII_04_M2,Heat Exposure,Open Space,,"If we consider rural areas, those who work in the fields are also at risk. You already know that working in open fields feels hotter, and if someone stays in an open space, the heat exposure increases even more",,
KII_P7,Heat Exposure,Open Space,,"“If you have soil in the secretariat, then you can plant trees, but there's no open soil. Here’s another thing, since you guys are researching these areas, I read somewhere – though not very authentic – that, in general, we say we extract underground water. In the rainy season, it gets recharged. But for this recharge to happen, Dhaka city would need about 50 to 60% open soil. Dhaka city doesn’t even have 20% open soil, not even 30%. For recharging, it should ideally have 60% open soil, but with the decreasing sub-surface water level in Dhaka, where would you find open soil?”",,
FGD2_P2,Heat exposure,"open space, streets",,"Alright, does this area have space along the roads where trees can be planted? Yes, there’s plenty of space.",,
FGD-9,Heat Exposure,"open space,building density,population density",,"Here, there’s no open space. Houses are densely packed. For instance, a single house might have 4–5 children, and there are houses with 10 rooms filled with families.",,
KII_04_M1,Adaptive capacity,Others,,"Last year, especially in certain areas of this city and in Rajshahi, anticipatory actions were taken. Initiatives like cooling centers and awareness campaigns were introduced. There is still a lot more that can be done.",One kII participant mentioned that initiatives such as cooling centers and awareness campaigns had been established in Dhaka and Rajshahi city,
KII_P3,Adaptive capacity,Others,,"that’s one aspect. But, actually, people in our country are not adapting. I would say they are forced to adjust to it. Adaptation is a basic characteristic of humans. Humans will adapt anyway. Wherever you leave me, I have to adapt to survive",,
KII_P7,Other Recommendation,Others,Collaborative Approach,“The planning wing could provide more information about this I think such an effort has been made.”,,
KII_P7,Other Recommendation,Others,Collaborative Approach,"“Certainly, collaboration needs to be increased with everyone.”",,
KII_P3,Recommended Adaptation Strategies,Others,,"Yes, it can be scaled up. But this would require a lot of motivation. People’s mindset needs to change, it requires a build-up. After that, if the city corporation welcomes this, then it can work. Dhaka North City Corporation is the pioneer of this. Other city corporations have been asked to follow suit.",,
KII_P5,Recommended Adaptation Strategies,Others,,"We can use the government or stakeholder organizations to motivate them. For example, when a client comes to me, like a building owner coming for construction approval, I can motivate them to plant trees. That’s a possibility. Simultaneously, service-providing organizations can also motivate their beneficiary groups. Even media can be used for this purpose. So, overall, we need to work together, and the main challenge here is figuring out who will bell the cat.",,
KII_P6,Recommended Adaptation Strategies,Others,water bodies,"First of all, the parks will serve as a green body, they are absorbing the heat. Not only heat, but if you study, they might also be absorbing carbon dioxide. It may not be on a massive scale, but it will help cool the temperature and add value to recreation. So, from this perspective, green bodies—and it’s not only parks, you should also look at water bodies. A fire breaks out, the fire brigade can’t find a water source, where will they get it from? Water bodies aren’t just cooling down the temperature they serve many purposes.",,
KII_P6,Recommended Adaptation Strategies,Others,collective approach,"So, I think heat will increase, and you can’t stop it. To be very practical, planting trees and creating water bodies will help minimize the impact. In this impact minimization, I believe we should look at livelihoods and assess vulnerability. You can’t stop heat, but what you can do is, when you see it increasing, you need to understand which people will be most affected. Not everyone is going to be affected at the same time.",,
KII_P8,Recommended Adaptation Strategies,Others,,"“This seasonal unpredictability means that no one is providing us with early warnings. Organizations like BMD (Bangladesh Meteorological Department) or other relevant institutions haven’t yet managed to establish an effective early warning system. If awareness campaigns are not conducted, how will people understand when the heat will start? We also need health campaigns for this. I am not just blaming the lack of early warnings—health practitioners also understand certain aspects. They can anticipate the types of health issues that might arise and how our bodies might react. If they conduct health campaigns, these could be very helpful.",,
KII_P9,Recommended Adaptation Strategies,Others,Coordination,“And there’s a significant gap in coordination here.”,,
"FGD2_P7,P1",Heat Exposure,"Outdoor, Streets",,"No, no. If there’s no breeze here, at least we get a breeze at the school gate. Yes, it’s blocked here. that’s why there’s no breeze.The breeze passes through here.",,
FGD2_P3,Heat Exposure,"Outdoor,Streets",,"There were trees, but now they’re cutting them all while working on the road.",,
FGD2_P3,Heat Exposure,"Outdoor,Streets",," There were trees, but now they’re cutting them all while working on the road.",,
FGD2_P7, Health Impact,Physical health,"Cold, Fever","Then, we catch a cold and get a fever. In such cases, we experience illness.",,
FGD_P5,Health Impact,Physical Health,Breathing Difficulty,"When it’s hot, we don’t feel cool at all. it becomes very uncomfortable. Breathing becomes difficult. And the rashes—when the heat is extreme, it feels like fire.",,
FGD2_P1,Health Impact,Physical Health,"Cold, Breathing difficulties"," Many people catch colds, their breathing gets worse, and they feel restless.",,
FGD2_P3,Health Impact,Physical Health,Faint,"For me, when the heat gets too much, I feel nauseous. I feel faint and dizzy this happens because of the heat.",,
FGD2_P6,Health Impact,Physical Health,Faint,"I asked the people who were with her where they were taking her, and they said to the pharmacy. She was feeling dizzy because of the heat",, 
FGD2_P6,Health Impact,Physical Health,"Nauseous, Feeling Sick, Vomiting","I saw a woman once who was being helped by two people because she was dizzy. I asked her what was wrong, and she said she was feeling faint and vomiting because of the heat. They were taking her to the pharmacy.",,
FGD2_P7,Health Impact,Physical Health,Faint,"Due to the discomfort caused by the heat, someone fainted because they felt dizzy",,
"FGD3_P9,P2",Health Impact,Physical Health,Faint,"Yes, they do. P2: The children do get affected. they faint very quickly. R: Very quickly?  The parents take the children to the doctor. And there aren't any trees or shade to protect them. R: There is no such shade? P2: No, there’s no such shade.",,
FGD-4_P1,Health Impact,Physical Health,Skin diseases,"“For example, I couldn’t sleep because of the heat, and I started sweating profusely. I had rashes, and it turned dark. That’s how bad it got.”",,
"FGD-4_P1,P3,P5",Health Impact,Physical Health,"Nauseous, Feeling Sick, Vomiting","“Yes, it does.”",,
FGD4_P2,Health Impact,Physical Health,"Diarrhea, Cholera"," “Yes, diarrhea happens.”",,
FGD-4_P2,Health Impact,Physical Health,Skin diseases,”Itching happens when it’s really hot; you get an allergy.”,,
FGD-4_P3,Health Impact,Physical Health,Skin diseases,“Many people get rashes. They also become physically ill.”,,
FGD4_P4,Health Impact,Physical Health,Cold,"Cold, cough",,
FGD-4_P4,Health Impact,Physical Health,Skin diseases,"“The sweat causes the rashes, and you end up scratching.”",,
FGD-4_P5,Health Impact,Physical Health,Headache," “You get headaches just walking on the road, people don't stay there.”",,
FGD4_P6,Health Impact,Physical Health,"Diarrhea, Cholera",“Diarrhea happens when it's very hot.”,,
FGD-4_P6,Health Impact,Physical Health,Faint," “I saw someone walking, and suddenly they collapsed. After 10 minutes, they were unresponsive. We rushed them to Dhaka Medical, and they stayed there for a day.”",,
FGD-5_P11,Health Impact,Physical Health,Heat Stroke,“We have had people die from heatstroke here.”,,
FGD-5_P11,Health Impact,Physical Health,Death,“We have had people die from heatstroke here.”,,
FGD5_P5,Health Impact,Physical Health,Breathing Difficulty,“People with breathing issues can’t handle it.”,,
FGD5_P5,Health Impact,Physical Health,Breathing Difficulty,"“Yes, and those with allergies.”",,
FGD5_P8,Health Impact,Physical Health,Cold,People catch colds from sweating. Their bodies itch.,, 
FGD-6_P1,Health Impact,Physical Health,Other diseases," “Due to frequent load shedding in the heat, women mostly stay home and cook, which leads to sweating, causing more problems.”",,
FGD-6_P2,Health Impact,Physical Health,Cold,"Colds, coughs, fevers, and during that time, dengue also becomes more common.",,
FGD-6_P2,Health Impact,Physical Health,"Exhaustion, Tired, Low energy"," “Nowadays, the heat weakens the body. This is why we feel more exhausted now. It’s tiring.”",,
FGD-6_P2,Health Impact,Physical Health,"Exhaustion, Tired, Low energy",“People often feel exhausted in the heat here.”,,
FGD-6_P2,Health Impact,Physical Health,Heat Stroke,“Some even suffer strokes occasionally.”,,
FGD-6_P2,Health Impact,Physical Health,Skin diseases, “Everyone has some level of allergies.”,,
FGD6_P3,Health Impact,Physical Health,Breathing Difficulty,"“When exposed to the heat from cooking, even working for a short while can make someone feel out of breath.”",,
FGD6_P6,Health Impact,Physical Health,Cold,"Fevers, colds, dengue, and coughs are the most common.",,
FGD-6_P6,Health Impact,Physical Health,Faint,“Sometimes they even faint.”,,
FGD-6_P6,Health Impact,Physical Health,Fever," “Fevers, colds, dengue, and coughs are the most common.”",,
FGD-6_P6,Health Impact,Physical Health,Dengue,"“Fevers, colds, dengue, and coughs are the most common.”",,
FGD-6_P6,Health Impact,Physical Health,"Diarrhea, Cholera",“Children and the elderly.”,,
FGD-6_P7,Health Impact,Physical Health,"Nauseous, Feeling Sick, Vomiting","""During this time, many people were suffering from conditions like fever, cold, cough, and vomiting, including staff.”",,
FGD-6_P8,Health Impact,Physical Health,Blood pressure,” And those with high blood pressure face more problems. Heat increases their blood pressure.”,,
FGD-6_P8,Health Impact,Physical Health,Faint," “A few days ago, a woman collapsed in front of that shop over there.”",,
FGD-6_P8,Health Impact,Physical Health,"Diarrhea, Cholera",“These mostly happen to children.”,,
FGD7_P1,Health Impact,Physical Health,Cold,"Kids catch colds from the heat, and it affects their chests.",,
FGD7_P1,Health Impact,Physical Health,"Nauseous, Feeling Sick, Vomiting",Some people vomit.,,
FGD7_P1,Health Impact,Physical Health,Skin diseases,There’s a lot of itching.,,
"FGD7_P1,P3,P7",Health Impact,Physical Health,Dengue," Mosquito bites.Yes, mosquito bites can lead to dengue. Dengue is more common here now.We’ve heard about dengue cases recently, but it hasn’t become widespread yet. Some people have had it, though. Was dengue common in this area before? No, no.",,
FGD7_P10,Health Impact,Physical Health,Faint,"Yes, sir. I’ve fainted in the heat. Sometimes, I get so sick that I need to be rushed to the hospital.",,
FGD7_P10,Health Impact,Physical Health,"Diarrhea, Cholera",My son had diarrhea yesterday because of the heat.,,
FGD7_P10,Health Impact,Physical Health,"Nauseous, Feeling Sick, Vomiting","I feel restless in the heat, like vomiting. I have to drink lemon water. When I’m outside, the heat makes me dizzy.",,
FGD7_P3,Health Impact,Physical Health,Skin diseases,"Look at my hands—they’ve turned black from scratching. Yes, it leaves marks on the skin.",,
FGD7_P4,Health Impact,Physical Health,Skin diseases,"Inside the body, you see bumps, itching, and it’s like there’s nothing there, but you get rashes, turning red.",,
FGD7_P5,Health Impact,Physical Health,Skin diseases,"My husband had this once. His whole body swelled up, and boils started appearing, like rashes.",,
FGD7_P7,Health Impact,Physical Health,Cold,And colds keep happening.,,
FGD7_P7,Health Impact,Physical Health,Faint,"Suddenly, someone in the crowd fainted due to the heat and had a stroke. He passed away on the spot.",,
FGD7_P7,Health Impact,Physical Health,Heat Stroke,"Suddenly, someone in the crowd fainted due to the heat and had a stroke. He passed away on the spot.",,
FGD7_P7,Health Impact,Physical Health,"Diarrhea, Cholera",My son also had it and is now taking saline.,,
FGD7_P7,Health Impact,Physical Health,"Nauseous, Feeling Sick, Vomiting","Kids fall sick, have stomach issues, and vomit",,
FGD7_P7,Health Impact,Physical Health,Other diseases,Children lose their appetite in the heat.,,
FGD7_P9,Health Impact,Physical Health,Dehydration,And they sweat a lot.,,
FGD7_P9,Health Impact,Physical Health,Headache,Headaches happen.,,
FGD7_P9,Health Impact,Physical Health,Skin diseases,"My husband, for instance, gets itchy all over his body.",,
FGD-8_p10,Health Impact,Physical Health,"Nauseous, Feeling Sick, Vomiting","Vomiting doesn’t just happen to kids  adults experience it too. Excessive heat causes discomfort, vomiting, and headaches.",,
FGD-8_P2,Health Impact,Physical Health,"Nauseous, Feeling Sick, Vomiting","Diarrhea, vomiting—when it gets too hot, children tend to vomit more often.",,
FGD-8_P4,Health Impact,Physical Health,Fever,"There’s a feeling of restlessness, or sometimes fever.",,
FGD-8_P4,Health Impact,Physical Health,Skin diseases,Then there’s heat rashes—it’s horrible for the children.Allergies seem to worsen during this time too.,,
FGD8_P5,Health Impact,Physical Health,"Nauseous, Feeling Sick, Vomiting","Diarrhea, vomiting, fever, colds, and coughs—they’re constant issues due to the weather.",,
FGD-8_P5,Health Impact,Physical Health,Faint,"For example, when someone feels dizzy, it’s clear they are struggling. Some move forward, others don't. We give water to those we know, help them drink it, pour water on their heads, and then slowly, when they’re okay, we send them home or ask their family to take them. This has happened a few times.",,
FGD-8_p5,Health Impact,Physical Health,"Nauseous, Feeling Sick, Vomiting","Diarrhea, vomiting, fever, colds, and coughs—they’re constant issues due to the weather.",,
FGD8_P8,Health Impact,Physical Health,Faint,"For example, when someone feels dizzy, it’s clear they are struggling. Some move forward, others don't. We give water to those we know, help them drink it, pour water on their heads, and then slowly, when they’re okay, we send them home or ask their family to take them. This has happened a few times.",,
FGD-9_P10,Health Impact,Physical Health,Headache,Heat makes my head feel hot as it is.,,
FGD-9_P10,Health Impact,Physical Health,Skin diseases,"Yes, due to the weather and smoke, the itching and coughing occur.",,
FGD-9_P5,Health Impact,Physical Health,Breathing Difficulty,Even breathing feels difficult at times.,,
FGD-9_P5,Health Impact,Physical Health,Cold,"This heat and the cold that follows make the body feel worse, leading to illness.",,
FGD-9_P6,Health Impact,Physical Health,"Nauseous, Feeling Sick, Vomiting",Nausea and itching due to the heat.,,
FGD-9_P8,Health Impact,Physical Health,Breathing Difficulty,"Fever comes, followed by chills, and then breathing difficulties.",,
FGD-9_P8,Health Impact,Physical Health,Fever,"Fever comes, followed by chills, and then breathing difficulties.",,
FGD-9_P9,Health Impact,Physical Health,Cold,"Conditions at home aren’t great. For example, I’ve been feeling like I have a cold or fever. My youngest daughter also has a cold.",,
FGD-9_P9,Health Impact,Physical Health,Faint,"One day at Balur Math, I saw a rickshaw puller collapse suddenly, perhaps from the heat. I don’t know for sure. People immediately started pouring water on him.",,
FGD-9_P9,Health Impact,Physical Health,Heat Stroke,"Have you seen people fainting or suffering heat strokes in this heat? Yes, I’ve seen it.",,
FGD-9_P9,Health Impact,Physical Health,Headache,"So headaches are more common? Yes, headaches due to the sun.",,
FGD-9_P9,Health Impact,Physical Health,Other diseases,"And when you return home to even more heat, it gets frustrating.",,
KII_04_M2,Health Impact,Physical Health,Death,"If you go to the hospital and ask for a record of how many people have died from heat strokes, there is no record. Because this cause is often attributed to something else. They’ll say they died of another cause, but it was actually due to heat. So, this is very important. We still don’t know how many people in Bangladesh have died due to heat. ",,
KII_04_M4,Health Impact,Physical Health,Heat Stroke,"So, the connections between heatstroke, heat exhaustion, diarrhea, and typhoid are significant concerns for us. However, if you ask about specific data on this, we do not have it. But during this extreme 35-day heatwave, we observed severe distress among people, reflected in the surge of phone calls we received. Even those of us in operational duty were overwhelmed. Many people asked us what the reason behind this was.",,
KII_04_M4,Health Impact,Physical Health,Dengue,"Yes, and we are working on that as well. BMD (Bangladesh Meteorological Department) plays a key role in mapping and forecasting these risks.",,
KII_04_M4,Health Impact,Physical Health,"Diarrhea, Cholera","In this context, I observed that whenever the temperature remains around 36°C or even 34°C for several consecutive days, there is a noticeable rise in the consumption of lemon juice in slum areas and urban zones. This increased consumption has an impact, as several newspapers have reported higher cases of typhoid and diarrhea, particularly among outdoor workers, who also suffer from heat exhaustion.",,
KII_P3,Health Impact,Physical Health,Faint,"We have also observed incidents where people have fainted or suffered from heat-induced trauma,",,
KII_P3,Health Impact,Physical Health,Faint,"Also, low-income working-class people, such as laborers. As an engineer, I have seen many workers faint due to excessive heat while working on the streets.",,
KII_P6,Health Impact,Physical Health,Dehydration,"“The impact comes in many ways, but I think water consumption is the most significant impact in terms of heat. Because you know how much outdoor laborers have to consume water, they are getting dehydrated, becoming sick.”",,
KII_P6,Health Impact,Physical Health,Dehydration,"I am saying this because the heat causes strokes, and sometimes people collapse, right? When your body doesn’t have enough fluid, you become dehydrated, and that moment can cause a sudden breakdown in a split second",,
KII_P6,Health Impact,Physical Health,Faint," “I am saying this because the heat causes strokes, and sometimes people collapse, right? When your body doesn’t have enough fluid, you become dehydrated, and that moment can cause a sudden breakdown in a split second.”",,
KII_P6,Health Impact,Physical Health,Heat Stroke,"“I am saying this because the heat causes strokes, and sometimes people collapse, right? When your body doesn’t have enough fluid, you become dehydrated, and that moment can cause a sudden breakdown in a split second.”",,
KII_P8,Health Impact,Physical Health,Fever,“The primary symptom of any health hazard is fever.”,,
KII_P8,Health Impact,Physical Health,Other diseases ,"However, by talking to people, we found that waterborne diseases, vector-borne diseases, and skin diseases are increasing due to rising temperatures. Additionally, conditions like hypertension are also on the rise.”",,
KII_P8,Health Impact,Physical Health,Skin diseases," “However, by talking to people, we found that waterborne diseases, vector-borne diseases, and skin diseases are increasing due to rising temperatures. Additionally, conditions like hypertension are also on the rise.”",,
KII_P9,Health Impact,Physical Health,Heat Stroke,"“Excluding the urban heat island effect, we know how much people are suffering during the summer months—heat strokes, people drinking sherbet, staying in the shade, rickshaw pullers unable to work, and daily laborers unable to work”",,
FGD2_P7,Health Impact,"Physical Health, Mental Health",,Many people experience both physical and mental stress while being on the streets—they become restless.,,
FGD2_P7,Health Impact,"Physical Health, Mental Health, Heat Exposure","dizzy, Time spent under direct sunlight","As for mental health, you see, we are always on the roads, at the shore. Like, the sun is shining, then it starts raining, and dust is blowing in our faces. These things affect the body, and then we feel dizzy.",,
FGD2_P6,Barriers to Coping Heat,Places to Plant Trees,,"For example, along the road, you and I can plant trees, there’s no problem with that, but the issue is that we can’t plant on private land.",,
FGD-6,Barriers to Coping Heat,Places to Plant Trees,,"“No, there’s no such space.”",,
KII_P6,Barriers to Coping Heat,Places to Plant Trees,,"A 2021 study showed that around 68% of the area in Dhaka and its surroundings has been deforested. Given the current available space, it’s not feasible to plant trees everywhere, and it also depends on what species you plant. If you plant ornamental species, it won’t contribute much to cooling.",,
KII_P8,Barriers to Coping Heat,Places to Plant Trees,," “I would say that if we think that way, then there is no space left in Dhaka for planting trees. But yes, even then, there are places where we can plant trees. We walk along roads, right? We can plant trees along the roadsides. This land belongs to the government, and no one is really doing anything about it, but managing it is difficult. How much maintenance can be done? Watering the trees is also an issue. These areas need to be maintained. Work is being done. If you look at Bijoy Sarani and Manik Mia Avenue, we have managed to create beautiful green spaces there. So why can't we do the same in other places? We are currently developing certain areas. Once the road is built here, if we plant trees in the median divider, I believe the temperature will drop significantly.”",,
P3,Barriers to Coping Heat,Places to Plant Trees,," Actually, if it’s private land, the people who own the land can plant them",,
"FGD3_P2,P9",Barriers to Coping Heat,"Places to Plant Trees,Less Green spaces",,"The heat will stay in those places. Our country is small. Here, roads won’t be rerouted just to save a tree. Instead, 50 trees will be cut down to make way for roads. They’re building flyovers and making other changes under the flyovers. In other countries, they make roads a bit curved to save trees. That’s why they have more trees and better environments than us.",,
FGD7_P9,Heat Exposure,Pollution,,"Think about it—pollution in the air increases with the heat, raising the temperature even more.",,
KII_04_M4,Heat Exposure,Pollution,,"Now, the thing about short-lived pollutants is that they also trap heat, playing a significant role in heat stress and heat trapping in the city.",,
KII_P8,Heat Exposure,Pollution,," “Moreover, heat variations occur due to multiple reasons. We have trapped our atmosphere with pollution. The impact we create on the atmosphere through emissions related to climate change is actually smaller compared to the human-made disasters we are causing.” ",,
FGD2_P5,Heat Exposure,Population Density,,"Yes. If there are too many people, it will naturally be hotter.",,
FGD2_P7,Heat Exposure,Population Density,,"In densely populated areas, the heat is higher",,
FGD-4_P1,Heat Exposure,Population Density,,“The population density is extremely high.”,,
FGD-5_P10,Heat Exposure,Population Density,,"“The more densely populated the area, the more heat there is. Areas without dense population, and if there are gaps and proper airflow, remain cooler. But dense areas block air and light, which makes it hotter.”",,
FGD-5_P11,Heat Exposure,Population Density,,"“Heat increases due to vehicles, factories, and population.”",,
FGD-5_P2,Heat Exposure,Population Density,," “Wherever there’s dense population, the heat is bound to be higher.”",,
FGD-5_P2,Heat Exposure,Population Density,,“Densely populated areas like Old Dhaka especially.”,,
FGD-5_P2,Heat Exposure,Population Density,,"“That’s what we’re saying. For example, the population density in Dhaka is much higher than it should be. Ideally, how many people should live here? (Someone nearby says, “Two and a half million.”) There are around 25 million people (P11: Two to two and a half million), but if it were 15 million, we wouldn’t face this much heat. The human body radiates heat that affects others nearby (M: Yes). When you gather 500 people in one place, the temperature rises significantly (P8: The crowd intensifies the heat). The heat from people’s bodies...”",,
FGD-5_P5,Heat Exposure,Population Density,,“No open spaces...”,,
FGD-5_P8,Heat Exposure,Population Density,,"“Wherever there’s more crowding, the heat feels more intense”",,
FGD-6_P7,Heat Exposure,Population Density,,"“There are more people, and more buildings. It used to be hot, but now it feels even hotter.”",,
FGD7_P1,Heat Exposure,Population Density,,"Yes, the heat has increased due to population density.",,
FGD7_P2,Heat Exposure,Population Density,,"When the population density is high, this is what happens",,
FGD7_P9,Heat Exposure,Population Density,,"There’s a lot of overcrowding.Yes, there’s a lot of overcrowding.",,
FGD-8_P6,Heat Exposure,Population Density,,"It’s overcrowded, and there are lots of tin-roofed houses.",,
FGD-9_P5,Heat Exposure,Population Density,,It’s because of the density of the population.,,
KII_04_M1,Heat Exposure,Population Density,,The third factor is high population density. I believe these are the main contributors to the urban heat island effect.,,
KII_P3,Heat Exposure,Population Density,,"Yes, it's a mixed-use zone. Here, poor, middle-class, and wealthy people all live together. For example, right next to Gulshan is the Korail slum. Similarly, near Baridhara, you have Vatara and other dense settlements. The entire city is a cluster of mixed-use zones. The fundamental issue is that land use planning has never been properly implemented, which is the root cause of many problems in Dhaka today. This is not just a climate change issue—it is also linked to drainage, traffic management, housing, and education systems. The failure of proper land use planning from the beginning has contributed to all these challenges.",,
KII_P7,Heat Exposure,Population Density,," “If you try to address this within the limits, how would you reduce the temperature in Dhaka city? Dhaka city is essentially a highly densely populated area, and there’s no other place in the world, except for a few areas, where such a high population density exists. When there are so many people, they will inevitably take something from the environment. They will at least take oxygen and release carbon dioxide. With so many people, all the supplies for life and livelihood are needed. These things are inevitable. So, I think first, the densely populated area of Dhaka could be reduced.”",,
KII_P8,Heat Exposure,Population Density,,"“A major reason for this is our high population. When a task requires 10 people in another country, in our country, it involves 1,000 people. So, the impact is bound to be greater.”",,
KII_P9,Heat Exposure,Population Density,,"“Then, considering the city's buildings, because of the high population, the tendency is to go for vertical expansion rather than horizontal. But no one is thinking if the carrying capacity is enough. To recharge a deep tube well, you need around 2,000 to 2,500 acres of green space. Do we have that in Dhaka? No.”",,
FGD-9_P10,Heat Exposure,"Population Density, Building density",,The density of the population combined with the air not being able to flow properly. The environment is not well-ventilated.,,
FGD-8_P2,Heat Exposure,"population density, tree cover",,It’s because of the high population density and the cutting down of trees.,,
FGD-8_P5,Heat Exposure,"population density, tree cover",,"There weren’t so many houses here before. There used to be ponds and ditches, which helped cool the area. The weather was nice and cool then. But now, there are buildings everywhere, and there are no trees left. Now the weather is much hotter.",,
KII_P6,Capacity,Research,,"That’s exactly my question. My research was about disseminating this knowledge. You mentioned the definition of 36 degrees and above. It’s just a warning. It has been on the news that a heatwave will occur, and even schools were closed recently, right? This year in 2024, it happened. So, heatwaves are happening, but how much are you reaching the mass level, that is the question. And by mass level, I don’t mean just me or those who can afford it, who can escape to an air-conditioned room. But what about people who work outside? The urban population is the highest, and if you can't reach them, your warning isn’t going to be effective. There are two or three groups that I believe are highly sensitive—children, for example, who are somewhat taken care of by closing schools. So, children are somewhat included in the group. Elderly population, too. What are you doing for the elderly? And most importantly, the outdoor laborers. What facilities are available for outdoor laborers? Now, if I talk about outdoor laborers' facilities and my research perspective since it was on health, I was working on drinking water. What they are saying is that in Bashundhara, some good initiatives are taking place, like they’ve set up water points in different buildings. They’ve even ensured security, so no one can just carry it away. They have installed these systems permanently, providing water and maintaining it. These workers in Bashundhara are happy, as they can fetch water anytime they want. The source issue is sorted. When I went towards Farmgate, they said, “This is like a dream for us, having water at street corners.” But you see, you won’t have to go too far. In India, many cities are now doing this. And even in neighboring countries, you can see it. You don’t need to go to Europe or America. So, who is responsible for ensuring this? It should be the city corporation or the municipality we belong to. They should ensure the well-being of the citizens. Along with this, there is the issue of public toilets. To maintain hygiene regularly, these places are very important. So, to what extent are we maintaining public toilets? Because a big issue that came up in my research was regarding sanitation. We go to these toilets, but they are not clean. There’s no water, no soap. So, how are we maintaining hygiene in these wash areas?",,
KII_P6,Capacity,Research,,"So, if I can bring this co-benefit into the analysis, it will definitely make the preservation effort more effective. Not only will it cool down the temperature, but it will also have co-benefits. With a water body, I can access water. Many people’s livelihoods are dependent on it, so these things can be incorporated into our system.",,
KII_P6,Capacity,Research,,"Let's say you are doing it. I appreciate your initiative. You are doing it, but we are not able to do it because we are lacking some things. Because we have climate change, but we don't have that expertise on heat. So, we are working individually on our own interests. So, these things need to be expanded more so that we can... as I mentioned earlier, without support, we can't work. Bringing that support is essential.",,
KII_P6,Capacity,Research,,"Personally, what I would say here is, I mean, I personally want to stay in the research field, and I am working in this field. So I understand it's difficult, but not impossible. I mean, even though we are starting a bit late, but I feel this is very timely, that we are starting now. And in the coming years, I tell you, these temperatures we are seeing at 24 degrees will go to 25-26, and you will witness it in the summer. So, the work we are doing, by the end of the research, we should be able to support it more efficiently, and sincerely. And the question should be asked to people, where is your accountability? That's our work, and another big important task for us is how to get our findings to the mass level, without taking responsibility ourselves. We will be facilitators, and we will ensure that stakeholders understand the responsibility, ""Look, we got this from our research, now how are you carrying it forward?"" How much are you implementing it on a local level? How much are you involving people? And we will be the watchdogs. I mean, we can also support the monitoring aspect. You are doing it if you need support, we are there to help you. But just doing research and leaving it behind, I think we should step out of that zone.",,
KII_P7,Capacity,Research,,"“Even now, heat in Bangladesh... Over the last two years, the temperature has fluctuated dramatically, reaching up to 41, 42°C. Before that, there wasn’t much of such extreme heat. So, since this issue is emerging, we do need to think about it and conduct research. The related measures will definitely need to be taken.”",,
KII_P7,Capacity,Research,,"“Of course. Because any research data is important. If we do not know how many people died from heat strokes last year and how many people die from heat strokes every year, then how will we take measures or how will we take measurement steps? We will need to do that, we will do it.”",,
KII_P7,Capacity,Research,,"“Yes, they are considered. We see that heat stroke has not yet reached the stage where it can shake us. Last year suddenly, and the year before that some, but in the coming time, if heat becomes more significant, we will probably have a separate concept, research findings will be developed, and based on those, we will take steps and everything.”",,
KII_P7,Capacity,Research,,"“Still, I believe that a study is needed. A research finding is necessary, so that we have data on how many people died from heat strokes or were affected by heat during the pregnancy period in Bangladesh. If we have that data, it will definitely help in the future steps of research.”",,
KII_P7,Capacity,Research,,"“Once this is researched widely, there will definitely be a space in the cause of death to mention heat as a contributing factor.”",,
KII_P7,Capacity,Research,,"“Right now, the biggest risk to Bangladesh’s environment is one thing, and that is plastic, polythene. I believe it’s very critical. Everyone needs to play a strong role in this, starting from raising awareness to participation. No one talks about this. I don’t know why no one is talking about it. Someone needs to declare war on this issue. Even a small piece of plastic, in Japan, I’ve seen people pick it up by hand and throw it into a dustbin, and then it goes for recycling. We need to reach that level. Otherwise, it won’t survive. There are already several layers of plastic underground in many places. And no time should be wasted anymore. Every time I go to the market, if you buy a radish or an eggplant, they give it to you in a plastic bag, right? This shouldn’t be the case, otherwise, the country won’t survive. Declare a war against this issue and just do this one task, take this agenda and get into the field.”",,
KII_P8,Capacity,Research,,"“At C3ER, the work we do primarily focuses on multi-hazard scenarios—we do not work exclusively on heat. Our scope of work involves studying the hazards and impacts caused by overall climate change. Last year, we conducted a study on resilient housing, where one of the components was resilient infrastructure and how it could absorb heat. Our housing model was designed not just for a single climatic hazard but for the entire country. This structure is meant to provide protection against cyclones, floods, and extreme heat simultaneously. That’s the broader perspective of our work. Beyond this, we also collaborated with James P. Grant on a study about the problems caused by heat in Dhaka and Bangladesh. In that study, we conducted an assessment of heat-related impacts. Our findings revealed a significant impact of temperature on health.”",,
KII_P8,Capacity,Research,,"“A lot of research is being conducted. I would say that both the government and non-governmental organizations (NGOs) are trying to conduct extensive research, and they are indeed doing so. However, everyone is working in a silo mode. Each entity is conducting research independently, and this has become a common issue in Bangladesh. We have become dependent on Terms of Reference (TOR). Various development partners provide us with some funds, and we try to conduct research according to the TOR. Once that is done, the process ends there.”",,
KII_P9,Capacity,Research,,"“Mr Harun who came earlier, they are conducting a study on the urban heat island effect.”",,
KII_P9,Capacity,Research,,"“They are doing a comparative study between Dhaka and Mymensingh, and IWM has been helping us.”",,
KII_P9,Capacity,Research,,"“Most of our monitoring is in Dhaka. DOE does have a few permanent air temperature monitoring stations, but we don’t specifically monitor temperature. We focus on air quality there are CAMS stations, and some climate or weather data comes from them. But this is specifically done based on air pollution.”",,
KII_P9,Capacity,Research,,"“Most of Dhaka is expanding in an unplanned way, except for a few areas like Uttara, Ashulia, or Purbachol. In the 21st century, this is unacceptable. Because of these issues, we wanted to make Dhaka a more comfortable city. The main objective of the study is to compare Dhaka with a less urbanized city. For example, we thought of Rajshahi, but extreme heat in Rajshahi compared to Dhaka wouldn't give us a fair comparison. Later, we decided on Mymensingh as it is a less urbanized, less commercially developed city.”",,
KII_P9,Capacity,Research,,"“We are not focusing on that study, but we are trying another study. We are talking to ICDDRB about studying the impact of temperature on health, and also the effects of salinity on people, from pregnancy challenges to hypertension. We are hoping to study these issues and are sharing our concept with them.”",,
FGD-4_P1,Other Recommendation,Responsible Authorities,,“The government could make the roads cooler”,,
FGD-4_P1,Other Recommendation,Responsible Authorities,,“It depends on the government's willingness.”,,
FGD-4_P1,Other Recommendation,Responsible Authorities,,"“To make it happen, the government needs the will to do it.”",,
FGD-4_P3,Other Recommendation,Responsible Authorities,,"“If the government takes action and sets up passenger shelters with water provisions, it would help people walking in the heat. They could have a glass of water and then continue to their destinations. Right now, people have to buy water for 20 taka.”",,
FGD-4_P3,Other Recommendation,Responsible Authorities,,"“If the government takes initiative, anything is possible. Everything is possible.”",,
FGD-4_P3,Other Recommendation,Responsible Authorities,,"“I have something to say about the passenger shelters. If the government fixes the locations and places shelters, it could help, but there’s a problem. With so many people in Dhaka, people often destroy the shelters. If the government sets up shelters and provides water nearby so people can sit and have a glass of water, it would be great. A person from the government could take care of this space, keeping it clean and maintaining it. Hardworking people could sit there, drink water, relax for 10 minutes, and then move on. There are shelters, but they’re not used properly. Some people, who have no address, sit there and destroy the environment. However, if a good person wants to sit, there is no place to do so.”",,
FGD-4_P3,Other Recommendation,Responsible Authorities,,"“But people are advising to plant trees. It’s being said everywhere, both domestically and internationally, that if there is space, trees should be planted. People take shelter under trees. Another thing I’m saying is that if in Dhaka city, in every key area, we set up passenger shelters and provide drinking water for people, it would help a lot. If the government ensures that these areas are cleaned and maintained, people would be able to drink water. If cold water can be provided in these places during the hot days, it would make a difference. The passenger shelters are there, especially in areas like Uttara and Banani, but there’s no space to sit comfortably. Homeless people tend to make these areas dirty, so it’s not possible to sit there. Even in metro stations, despite the beautiful facilities at the entrances, many areas are being misused.”",,
FGD-4_P3,Other Recommendation,Responsible Authorities,,"“Another point that my friend raised is about public restrooms. In Dhaka, in most places, the government could have built restrooms for pedestrians. Along the roads, if we had public restrooms, people wouldn’t face so much difficulty during the day. Some places are so bad that you can't even go there. When we have Dhaka University entrance exams, there are so many people coming, many guardians, fathers, mothers, and relatives accompanying the candidates”",,
FGD-4_P3,Other Recommendation,Responsible Authorities,,"“In the city, there are some trees, like the chambal trees, which grow big, and when they get older, their branches become brittle. I believe that the government should check the big trees in the city, especially the old ones, to see if any branches need to be pruned or if there are any dry branches. If they check them before the storms, I don't think such incidents will happen again.”",,
FGD-6_P2,Other Recommendation,Responsible Authorities,,"“If any NGO or organization approaches us to address these problems, we would welcome them.”",,
FGD-6_P7,Other Recommendation,Responsible Authorities,,“Any organization that takes initiatives to solve these problems would be welcomed by us.”,,
FGD-6_P8,Other Recommendation,Responsible Authorities,," ” If the government wants, they could plant trees along the roadside.”",,
FGD-8_P2,Other Recommendation,Responsible Authorities,,The government could plant trees along the roadsides to reduce the heat.,,
FGD-8_P5,Other Recommendation,Responsible Authorities,,They’d have to lower the electricity bills.,,
FGD-9_P1,Other Recommendation,Responsible Authorities,,"Another thing could be that if the government applies something, like checking if there are good fans in every factory, or if the environment is normal, this way something could be done. But the heat can’t be reduced, that’s the main thing.",,
FGD-9_p4,Other Recommendation,Responsible Authorities,,"The government should be looking into this. The government doesn’t see these things. If they did, then people would think...",,
KII_P7,Other Recommendation,Responsible Authorities,,"“Right. So, in any situation, if a heat wave comes as a disaster, we’ll need to be prepared for it. We will be ready, and the health ministry is there. The organizational structure of the health ministry, from the union level to the ward level and up to the top national level, has the workforce to manage this. Public health is our job, and ensuring public health safety is what the ministry is responsible for. So, the ministry will definitely take measures. But it seems we haven't reached that level yet, but when heat becomes a hazard, these measures will surely be in place.”",,
KII_P7,Other Recommendation,Responsible Authorities,,"“For heat, the prevention part needs attention. However, for curing heat-related consequences or diseases, that responsibility falls under the health ministry. The preventive sector needs to address this initially, followed by data collection. For heat, I think there is a different ministry that should take care of this.”",,
KII_P7,Other Recommendation,Responsible Authorities,,"“So, we must take protective measures. In such cases, the government should provide for people who live hand-to-mouth, and they need to go out for work. If a heat disaster occurs, the government can use the post-flood rehabilitation activities, and I believe the same can be done for heat-related rehabilitation. If heat does affect Bangladesh, we hope it will not, but in the future, if it happens, it will be the responsibility of the Disaster Management and Relief Ministry. They can provide basic relief and ensure that the poor people are supported with basic necessities during heatwaves.”",,
KII_P8,Other Recommendation,Responsible Authorities,,"“It is possible, I won’t say it’s impossible. To enforce it, it’s not like it can’t happen. Our practice is that we become aggressive. Like you mentioned, when RAJUK went and tried to remove the water body, they should have first sat down with the community. The community should have been made aware that they are coming to recover this area, why they’re coming, where the policy is instructing them to recover it. Since our environmental advisor has said all encroached water bodies should be recovered, we need to identify those areas where it is happening. We need to mobilize with the community in those areas to help recover them. You don’t need to recover it yourself. You represent the people your job is to work with the people. What you’re doing is you’re taking a team of 15-20 or 100 people, leaving the community as the opposing party while trying to recover the land. Why? You work with the community you go to them. Every community now has an association. You sit with the association, explain to them the benefits they’ll get from this work. If you can convince them, then the community will help you recover the area. Why didn’t we recover the Mohammadpur canal? Have you seen a few kids cleaning it up? If they can do it, why can’t the Bangladesh government do it? Our practice is different. Our implementation method is different because suddenly we get a directive from above saying, “Go, recover that river.” And they rush to do it. That’s not a practice. For us, who work with community mobilization, our practice is to first sit with the community. As long as the community is not satisfied or influenced, we have to keep mobilizing. Eventually, people will understand. You have to show them the benefits they will get from this work. Then the community will step forward, and the conflict will naturally minimize. Behind every community, there are always some bad elements, but these bad elements are well mobilized with the community. However, we, who are in law enforcement, do not mobilize with the community. They want to show their power to us. That’s where the problem arises.”",,
KII_P9,Other Recommendation,Responsible Authorities,,"“Yes, like the current advisor, or before, when Saber Hossain Chowdhury used to ask the CCF to come and discuss where more trees could be planted in Dhaka, how much the percentage could increase, it was found that after 25%, it wasn’t possible. There is simply no space left in Dhaka. He could only increase it up to 15 or 18%, which is the maximum. They are working with plans like this.”",,
KII_P9,Other Recommendation,Responsible Authorities,,"“I feel a bit positive about this. He mentioned this in a different meeting related to climate change, but he also told the Japanese Minister the same thing. He said, “Help us, we want to clean our rivers and canals.” “",,
KII_P9,Other Recommendation,Responsible Authorities,,"“BMD can work on this. Now, with satellites, many things can be done. SPARSO can work here, other organizations can also work. But I think instead of taking someone else's work and putting it on someone else’s shoulders, if we make BMD more active, yes, with recommendations from you, us, and everyone, if they work a little more, maybe it will be possible later.”",,
FGD2_P6,Other Recommendations,Responsible Authorities,,"The issue is that if individuals try, someone might say that it's not looking good. For example, if someone has land and sets up a small shop, they may be looking for a way to earn income. That's where the problem lies",,
KII_04_M1,Other Recommendations,Responsible Authorities,,"36 automatic rain gauges have been installed across Dhaka city. Initially, 30 rain gauges were installed by WASA for urban drainage monitoring. However, we proposed installing temperature sensors at all 30 stations. This would allow us to gather temperature data from 30 different locations at a relatively low cost. Although it was recommended, for some reason, the plan was not implemented. If these 30 stations had temperature sensors, we could have gathered better data.",,
KII_04_M1,Other Recommendations,Responsible Authorities,,"We have recommended in the anticipatory action protocol that our advice should be given in advance, meaning it should be proactive rather than reactive.",,
KII_04_M1,Other Recommendations,Responsible Authorities,,"A proactive activity involves consulting with the government, and what we can do immediately is focus on the most vulnerable groups—daily wage laborers, rickshaw pullers, etc. For them, we can set up cooling centers or shaded areas where they can sit and rest. Additionally, we can arrange fans in these places and provide water or saline if necessary. These cooling centers were established on roadsides last year in several locations as part of the anticipatory action strategy.",,
KII_04_M1,Other Recommendations,Responsible Authorities,,"Last year, we worked with the City Corporation on this. We advised them on these measures, and they implemented some of them. They built some shades, sprayed water, and distributed bottled water. Later, they even arranged for plantation programs along different roads, with a target of planting two lakh (200,000) trees.",,
KII_04_M4,Other Recommendations,Responsible Authorities,,"The crucial point is that heatwaves are now a significant global concern. The World Meteorological Organization (WMO) is even suggesting that heatwaves should be named, similar to cyclones. Our Deputy Managing Director (DMD) collaborates with the German Red Crescent, which has provided some recommendations on how this can be done.",,
KII_04_M4,Other Recommendations,Responsible Authorities,,"Disaster management must play a proactive role, but other organizations, including NGOs, IGOs, and the Bangladesh Meteorological Department, collaborate with the agriculture department, livestock sector, disaster management, and fisheries. We collectively provide various suggestions for addressing these issues.",,
KII_05,Other Recommendations,Responsible Authorities,,"In this master plan, we propose a 574 km blue network, and we propose a total of 57 park and water-based parks. We also propose five eco-parks, yes! And recently, we have renovated 65 ponds to make them usable in the master plan, okay?",,
KII_05,Other Recommendations,Responsible Authorities,,"The main challenge is actually related to global warming, where there are two cases: how much I can contribute is a factor here. So, naturally, the government must take the lead on policy. The government has to play the central role here. When the government develops any policies or implements any kind of rules and regulations, that's when it's possible to control these issues.",,
KII_06,Other Recommendations,Responsible Authorities,,"Public-private investments can then be triggered, such that you can point out that in the garments sector, for example, you can say that in your sector, you are employing so many laborers under the heat, what is their welfare status? Instead of greenwashing them. Greenwashing is a term used, for example, in the RMG sector, where they have to meet various criteria for donors. They claim that they are a ""green industry,"" but what does green industry mean? It’s not just making your building green, right? To be green, it means ensuring the quality of your work and the welfare of your staff. Welfare must come first, especially in your heat sector because you are creating a trap environment where 500-600 people work together. So, in this context, how much are you actually making it green? How much are you valuing their opinions and welfare? These factors are important parameters. Similarly, when you think about the outdoor environment, I would say that the impact of heat can be more visible in the city compared to other ministries because of the urban heat island effect. Climate change or global warming aside, urban heat islands increase ambient temperatures significantly.",,
KII_06,Other Recommendations,Responsible Authorities,,"Now, if you want, the buildings that have already been constructed cannot be... Actually, no one was concerned about this earlier, and the way Dhaka city was designed, I don’t think these concepts were considered. There was a rooftop greening initiative, like a tax reduction from the city corporation, but it stopped somewhere. Because the amount of greening required is not enough, you are cutting down green corridors in the city, building development projects, putting up pillars, and then promoting rooftop gardens. This hypocrisy can’t be ignored. You are not conserving or preserving the existing green bodies, and you’re asking people to plant trees on rooftops, so which is more absorbent? This should be evaluated. So, there are two ways: one, yes, you do the initiative, and it’s a good one, and you are telling people to do it, but at the same time, the green areas in the city should be preserved, like parks, lakes, and water bodies, because they absorb a lot of heat. If you look at the temperature in Hatirjheel, it’s very different from Farmgate or Motijheel. At the same time, if you compare the temperature between two people in those places, the variance is noticeable.",,
KII_06,Other Recommendations,Responsible Authorities,,"Even if we try to do this, when it comes to the responsibility, who will take that responsibility? We haven’t discussed this yet. We have many local NGOs working in Dhaka. Have you heard of Footsteps? I don’t know if you have, but they are doing some really good work. They’re setting up water tanks in various places. But it’s on a very small scale. They too need support, as I mentioned earlier, without support, no one can move forward. So, the thing is, that is definitely a good cause. How will we do it? Now, if I take up the security issue, think of it this way: if I place such a water filter next to a police station, would anyone dare to steal it from the police station? So, where you place these water stations is important.",,
KII_06,Other Recommendations,Responsible Authorities,,"Mark those areas where you find the most vulnerable people and identify their needs in terms of the support they require in case of heat. If you have funding, you can massively support them by improving their way of living, making their settlements better, ensuring good air flow.",,
KII_06,Other Recommendations,Responsible Authorities,,"But if you sit with one of their local leaders or elders and say the message through them, see how much more impact it has. And there should be a follow-up. I mean, just telling them is not enough, monitoring is essential, which I think is the key thing. Monitoring, evaluation, and learning in this framework, that’s crucial for any sort of development. If you want to see its progress, or understand whether it has worked or not, the follow-up is really important. So, the best way to reach out to local people, I would say, is to involve them, give them ownership, whether it’s research, campaigns, drills, or whatever it is",,
KII_P2,Other Recommendations,Responsible Authorities,,"I think, if we can identify the areas most vulnerable to heat, it doesn’t need to be all year round, but during those critical times, the government should make special provisions. For example, they could provide water for people walking, offer cold water, or TCB could provide food and offer cold water during that time. Maybe add a little salt, but not sugar. These initiatives should come from the government.",,
KII_P2,Other Recommendations,Responsible Authorities,,"So, we need to take adaptive measures because we can't take mitigative measures—simply because we don’t have the capacity for that.",,
KII_P2,Other Recommendations,Responsible Authorities,,"The government just needs to give a design and say, “You can do something like this,” or NGOs can play a role here, at a low cost. It might cost about five thousand taka if you do it this way, but you need to make sure that the water line is not from our WASA line because if the water causes diseases, that’s a problem. So, we need to ensure that potable water is provided. When we talk about mosques, that’s enough, we have mosques all over a neighborhood, right? I’m talking about Dhaka city. So, we can solve environmental problems around a mosque. For example, I’m not sure if the planning I was talking about will be implemented in South City Corporation, but the idea was that every ward office should have all kinds of arrangements in place, so that no one has to go outside for anything. There should be trees, everything should be there. If every ward has such a center, it would work.",,
KII_P2,Other Recommendations,Responsible Authorities,,"For instance, if one area remains cooler, why should my area be hot? How did they manage that? If we can present a comparative model, for instance, Dhaka, where the ward is the smallest administrative unit, right? The elected representatives of each ward need to take responsibility for this. Without the elected representatives taking responsibility, no problem will be solved permanently.",,
KII_P2,Other Recommendations,Responsible Authorities,,"Just focusing on reducing heat vulnerability in isolation won’t work. It must be a holistic approach. In addition to heat, we need to address air pollution, noise pollution, and other factors together.",,
KII_P3,Other Recommendations,Responsible Authorities,,"Two things need to be done. First, the government or the city corporation alone cannot handle this issue. Employers in the private sector—whether they own factories, shops, or employ rickshaw pullers—must play a benevolent role. Otherwise, relying solely on government subsidies or initiatives will not be enough.",,
KII_P3,Other Recommendations,Responsible Authorities,,"Not at all. However, it is still better than nothing. This effort needs broader participation. The City Corporation alone cannot handle this. Other institutions such as WASA, the Fire Service, and even the Navy need to get involved to scale up this initiative.",,
FGD2_P6,Recommended Adaptation Strategies,Roof Gardening,,Very few.,,
FGD-5_P11,Recommended Adaptation Strategies,Roof Gardening,,"“Also, every market has an empty roof. If the government takes the initiative, rooftop gardening can be implemented. That’s also a way to plant trees (another participant agrees).”",,
FGD-5_P11,Recommended Adaptation Strategies,Roof Gardening,,"“Yes, regarding the initiatives by the government or organizations like yours, the rooftops of both public and private markets that are currently unused could be turned into permanent gardens. Completed market buildings with accessible rooftops could grow plants, whether vegetables or timber, which could help with oxygen production. This can be done by the government, by forming committees, or even leasing it out to others. Markets that are still under construction may require alternative solutions. However, for completed structures where no further levels will be added, rooftop gardening is a viable option.”",,
FGD-6_P1,Recommended Adaptation Strategies,Roof Gardening,,“It should be made mandatory.”,,
FGD-6_P7,Recommended Adaptation Strategies,Roof Gardening,,"“I think since the space for planting trees is decreasing day by day, planting trees on rooftops should be strongly encouraged.”",,
FGD-8_P10,Recommended Adaptation Strategies,Roof Gardening,,"Also, some people don’t want to have rooftop gardens because of dengue. Last year, where we used to live (we’ve since moved), the entire rooftop was a garden, except for the walkway. The homeowners lived on the 2nd and 3rd floors, and we lived on the ground floor. Out of four of us in my family, all of us had dengue. Three out of five members of the homeowner's family also got dengue.",,
KII_P8,Recommended Adaptation Strategies,Roof Gardening,,"Brac University is a perfect example. They have turned the entire university into a green space, which automatically helps regulate the weather within the campus. Similar initiatives can be taken not only for universities but for all institutions. If we green the universities and also the rooftops, I believe it would be the most effective approach for Dhaka. If every building in the city had greenery on top, it would help. Some might argue that small trees or vegetable gardens wouldn’t make much of a difference, but they would still contribute. If we collectively green all rooftops, even if just a little, we will be able to reduce the temperature to some extent.”",,
"FGD3_P2,P7,P5,P8",Recommended Adaptation Strategies,"Roof Gardening, Innovative suggestions",,"Only trees can help. Trees along the roadsides.Trees, okay.Wherever there is some space, plant trees there. R: Okay, what would happen if trees are planted here? P2: You’d get good oxygen, protection from heat, and many other benefits. R: Are there rooftop gardens in the houses here? P7: There are some, moderately. P5: There used to be more, but many have been removed. P8: Let me tell you something. In our mosque, there are trees on the roof. R: Oh, really? P8: No matter how much sunlight there is, you won’t feel the heat inside. You wouldn’t even realize it because the entire roof is covered with trees.",,
KII_P2,Adaptive capacity,Roof Gardens,,"There is scope, and it is even shown in the paper. It is specifically mentioned by ward as well—our South City Corporation, for instance, this should not be done in North City Corporation. (M: This is from the 2022 paper?) Yes, it’s mentioned in the 2022 paper that the areas where this can be done are identified by ward. And in areas where there’s no open space, it is suggested to do it on the rooftops of houses. So, the ward commissioner of that area should be informed that there’s","Participants mentioned that although roof gardening started as a habit, it has proven to be an innovative and effective way to cool their roofs and thus reduce the heat inside their houses. One of the KII participants highlighted rooftop gardening as a potential heat adaptation strategy, particularly for wards lacking adequate open spaces for tree plantation. According to the participant, residents in such areas are encouraged to utilize rooftop spaces for planting vegetation. The participant also referred to a publication from 2022 that identified specific ward numbers suitable for implementing rooftop gardening initiatives. This suggests that city corporation authorities are increasingly recognizing rooftop gardening as a potential strategy for mitigating the impacts of rising urban heat.",
FGD3_P5,Adaptive capacity,Roof Gardens,,"If you look in front of the houses, there are lots of jujube or other trees, and their branches cover the roofs, keeping the roofs cooler.",,
FGD-6_P1,Adaptive capacity,Roof Gardens,," “Yes, it’s a hobby, but it has benefits. From this hobby, we’re getting oxygen and humidity as well.”",,
FGD-8,Adaptive capacity,Roof Gardens,,"If there were rooftop gardens, wouldn’t it help reduce the heat? Yes.",,
KII_P2,Adaptive capacity,Salines and Medicines,,"I’ll also speak theoretically on this  I haven’t researched it directly, and I’m not a doctor. But from what I know, back in 2008-2009, we did a bit of work in which we raised awareness among rickshaw pullers to keep saline water with them. Drink water, but drink saline water. This was happening, but we hadn’t said it then. But later on, I saw that rickshaw pullers started keeping it on their own.","Consumption of saline water, lemon juice sold by the street sellers was described by study participants as one of the most common adaptive practices for coping with extreme heat, particularly among rickshaw pullers and other outdoor workers regularly exposed to direct sunlight. Shopkeepers reported a noticeable rise in the sale of saline products during the summer months. One of the KII participants noted that, although drinking saline water was not previously a common practice within this population, it has now become widely adopted as a heat-coping strategy indicating the increased awareness regarding the importance of maintaining hydration during hot weather and have become a effective adaptive method.",
FGD2_P1,Adaptive Capacity,Salines and Medicines,,"P1: Because of the heat, we sold a lot of saline and medicines this year. The demand was so high that we couldn’t keep up with it",,
FGD2_P1,Adaptive Capacity,Salines and Medicines,,Mostly saline—saline sells the most.,,
FGD2_P3,Adaptive Capacity,Salines and Medicines,,"Then, I quickly pour water on my head, or I take a saline solution. After that, I feel better and continue.",,
FGD7_P3,Adaptive capacity,Salines and Medicines,,"Yes, saline with water. Regular or even cold water doesn’t help.",,
FGD7_P7,Adaptive capacity,Salines and Medicines,,We also drink saline and lemon juice.,,
FGD-8_P2,Adaptive capacity,Salines and Medicines,,"Yes, we have to buy oral saline. Also, lemon sherbet is something we need more of.",,
KII_P2,Adaptive capacity,Salines and Medicines,,"when rickshaw pullers were told to drink saline water, they weren’t doing it at first, but now they do. They realized that it helped them pedal better. Now, the situation is different, and physical strain is not the same as before.",,
KII_04_M5, Heat Exposure,Seasonal Variation,,"Also, day by day, although summer spans March, April, and May, it’s gradually extending. Now, we’re seeing heat strokes or heat waves during the monsoon period as well. So, the scope of this is expanding.",,
"FGD3_P9, P3",Heat Exposure,Seasonal Variation,,"That’s how it feels now, as if the climate has shifted to just two seasons. And then there’s this muggy, humid heat.",,
"FGD3_P9,P1",Heat Exposure,Seasonal Variation,,"Our country used to have six seasons. now it feels like just two—summer and winter. Yes, only two seasons remain.",,
KII_04_M5,Heat Exposure,Seasonal Variation,,"Yes, it’s now appearing in the monsoon period as well. In August and September, we are seeing mild to moderate heat waves in many places.",,
FGD-4_P6,Adaptive capacity,Shade,,"“When it's hot, I go to the shade. I look for any place with cool air.”",People who work outdoors often seek shade under trees when the heat is extreme. Participants stated that sitting under a tree helps as cool air soothes their bodies and makes them feel relieved.,
FGD2_P2,Adaptive Capacity,Shade,,"Or inside the school, or we stand in front of the school under a tree for a bit of rest, leaving the shop’s work aside.",,
FGD2_P2,Adaptive Capacity,Shade,,"We sit at the tea stalls, for example.",,
FGD2_P6,Adaptive Capacity,Shade,,We sit under the tree.,,
FGD3_P1,Adaptive Capacity,Shade,,"If it gets too hot, you can sit under the trees. How will the heat bother you then?",,
FGD-4_P2,Adaptive capacity,Shade,,"“I go under the trees, take a rickshaw, and rest there, take a nap.”",,
FGD-6_P3,Adaptive capacity,Shade,,"“We used to sit under trees. Sometimes, we even slept in the fields.”",,
FGD-6_P6,Adaptive capacity,Shade,,“The cool breeze under the trees was so nice.”,,
FGD-6_P6,Adaptive capacity,Shade,,"“When there’s shade over the roof, it stays cool.”",,
FGD-6_P6,Adaptive capacity,Shade,,"“Wherever there’s shade, it’ll be cooler.”",,
FGD-6_P6,Adaptive capacity,Shade,,"“During that time, we go outside and sit in the shade.”",,
FGD-6_P7,Adaptive capacity,Shade,,“There are no trees here. We just sit in whatever shaded area we can find..”,,
P3,Adaptive Capacity,Shade,,"From Kanchpur to Dakshinkhan, you’ll find trees along the road.",,
FGD2_P4,Recommended Adaptation,Shaded Areas,,"Do you think there's a need for bus shelters in your area? Of course, it’s needed.",,
FGD2_P6,Recommended Adaptation Strategies,Shaded Areas,,It would be better if they were in the open spaces.,,
FGD7_P7,Recommended Adaptation Strategies,Shaded Areas,,Adding canopies in certain areas would help.,,
KII_04_M1,Recommended Adaptation Strategies,Shaded Areas,,"A proactive activity involves consulting with the government, and what we can do immediately is focus on the most vulnerable groups—daily wage laborers, rickshaw pullers, etc. For them, we can set up cooling centers or shaded areas where they can sit and rest. Additionally, we can arrange fans in these places and provide water or saline if necessary. These cooling centers were established on roadsides last year in several locations as part of the anticipatory action strategy.",,
KII_P6,Recommended Adaptation Strategies,Shaded Areas,,"First of all, the parks will serve as a green body, they are absorbing the heat. Not only heat, but if you study, they might also be absorbing carbon dioxide. It may not be on a massive scale, but it will help cool the temperature and add value to recreation. So, from this perspective, green bodies—and it’s not only parks, you should also look at water bodies. A fire breaks out, the fire brigade can’t find a water source, where will they get it from? Water bodies aren’t just cooling down the temperature they serve many purposes.",,
FGD-9_P2,Recommended Adaptation Strategies,"shaded areas,access to safe drinking water",,"Yes, it’s necessary. If there’s a water source near the passenger shelter, people can sit and drink water.",,
FGD-9_P9,Recommended Adaptation Strategies,"shaded areas,access to safe drinking water",,"If a tank is placed in a spot, having a shelter nearby would be enough.",,
FGD-4_P3,Adaptive capacity,Shades,,"“It feels the same, but I usually go under the tree for shade.”",,
KII_04_M3,Adaptive capacity,Spending time in open spaces,,"Yes, they have adapted. Another factor is that open spaces allow for better wind circulation.","Most of the participants described that during extreme heat, people sit outside their homes and spend time in open outdoor spaces as a common coping strategy. In informal settlements, many households reportedly have limited ventilation due to no windows, to which residents associated with concerns about theft and security. As a result, indoor environments often become excessively hot and poorly ventilated, particularly during electricity outages. To cope with these conditions, residents frequently rest in open areas with better air circulation, such as open spaces in front of their homes or nearby shops, open streets, railway tracks, and shaded areas under trees. Participants mentioned such spaces as comparatively cooler and more breathable, making them important and easily accessible means of coping with extreme heat.",
FGD2_P3,Adaptive capacity,Spending time in open spaces,,"These days, people don’t stay at home much. They only go home to sleep or eat.",,
FGD2_P3,Adaptive capacity,spending time in open spaces,,"Sometimes, due to the heat, I leave the shop, go outside, and sit by the side.",,
FGD2_P3,Adaptive capacity,spending time in open spaces,,"For example, at the school gate, even if there’s no wind in some places, we still get a breeze at the school gate.",,
FGD2_P7,Adaptive capacity,Spending time in open spaces,,"Those who stayed at home only did so during meal times. the rest of the time, they were outside.",,
FGD3_P1,Adaptive capacity,Spending time in open spaces,,"The main reason is openness (spaciousness), completely open and surrounded by trees and plants",,
FGD-6_P3,Adaptive capacity,Spending time in open spaces,,“We go to open spaces and try to catch our breath.”,,
FGD-6_P3,Adaptive capacity,Spending time in open spaces,,“Everyone sits in front of the shop or outside the shop.”,,
"FGD7_P3,P6,P9",Adaptive capacity,Spending time in open spaces,,"So when there’s no electricity, you sit outside, under the trees if there are any? Yes, yes.",,
FGD7_P4,Adaptive capacity,Spending time in open spaces,,We sit outside in the open.,,
FGD7_P9,Adaptive capacity,Spending time in open spaces,,Everyone sits outside.,,
FGD-8_P3,Adaptive capacity,Spending time in open spaces,,"When it gets unbearable, we go and sit by the railway tracks. At night, we come back home.",,
FGD-9_P4,Adaptive capacity,Spending time in open spaces,,"In the summer, we used to lie on the street there.",,
FGD2_P6,Adaptive Capacity,"Spraying water, Saline",,"At the pharmacy, I poured water on his head. After that, he felt a little better. Then I gave him some saline to drink. Once he recovered, I arranged a rickshaw for him, and he went home.",,
FGD-8_P10,Barriers to Coping Heat,Thieves,,"There’s risk even at night because you have to keep the windows shut while sleeping. There’s no way to let in even a little breeze through the windows at night. Why? Because thieves sneak in at night through the windows to steal phones, money, or even necklaces. This happened to people in our neighborhood—we’ve seen it.",,
FGD-8_P10,Barriers to Coping Heat,Thieves,,"But during power outages in summer, we have to keep it open sometimes. If I’m in one room and no one is in the other, some thief might sneak in. And that’s what happened. One thief came in and even went up to my fridge. I noticed it later. They had entered despite the CCTV cameras. They check the place and leave, knowing there’s a camera. Sister, the lack of security and their boldness is shocking—they don’t seem to fear anything.",,
FGD-8_P5,Barriers to Coping Heat,thieves/buglary,,"Whatever air does come in, we can’t keep things open enough because thieves sneak in and steal. That’s why we can’t keep things as open as we’d like.",,
FGD-8_P6,Barriers to Coping Heat,thieves/buglary,,"Even if the house gate is open, some air might enter, and the hot air could escape. But because of fear of thieves, we can’t even do that. Plus, we’re busy with household work.",,
FGD2_P3,Heat Exposure,Time spent under direct sunlight,,P3: We stay on the streets all day. Heat is a daily companion for us. Heat and dust—they are our companions.,,
FGD2_P7,Heat Exposure,Time spent under direct sunlight,,"We are on the streets all day.  we experience the effects of both heat and cold. Sometimes getting wet in the rain helps, but it also causes problems",,
FGD3_P2,Heat Exposure,Time spent under direct sunlight,,I work all day under the sun.,,
FGD3_P6,Heat Exposure,Time spent under direct sunlight,,"Yes, we do",,
FGD-4_P2,Heat Exposure,Traffic,,“The heat increases when you're stuck in traffic.”,,
FGD-4_P3,Heat Exposure,Traffic,,"“No, outside Dhaka University, the heat is a bit more, especially when you get stuck in traffic.”",,
FGD-4_P4,Heat Exposure,Traffic,,“Traffic jams increase the heat when cars are stuck.”,,
FGD-4_P6,Heat Exposure,Traffic,,"“During summer, it’s extremely hot, brother. It’s bound to be hot in Dhaka city. Compared to villages, the city is much hotter. Especially here, there are buses, traffic jams, and vehicles everywhere, which makes the air polluted. When the air is polluted, the temperature naturally rises.”",,
FGD-6_P1,Heat Exposure,Traffic,,"“Since traffic jams are a factor, especially on this road, lately, there’s been severe congestion here. One of the main reasons is the lack of traffic management, which makes the jams even worse. This issue needs to be addressed first.”",,
FGD-6_P2,Heat Exposure,Traffic,,"“Yes, it does. There’s always traffic congestion in that area.”",,
FGD-6_P2,Heat Exposure,Traffic,,"“Yes, there’s always heavy traffic. Most of the time, there are crowds, and there’s constant noise from vehicles.”",,
FGD-6_P3,Heat Exposure,Traffic,,"“There’s also traffic congestion, which contributes.”",,
FGD-6_P3,Heat Exposure,Traffic,,"“Regarding pedestrians, suppose someone steps out of your shop into the heat. After a while, they get stuck in traffic. The traffic jams contribute significantly to the heat. If the roads were clear, there would be better airflow, but when stuck in traffic, the situation worsens due to the heat caused by congestion.”",,
KII_P5,Heat Exposure,Traffic,,"The second reason is the traffic congestion here, the amount of air conditioning used in Dhaka city, and the use of air conditioning in every vehicle, as well as two-stroke vehicles or high fuel-consuming vehicles. As the use of such vehicles increases, it also contributes to the rise in temperature beyond the",,
KII_P8,Heat Exposure,Traffic,," “The way we use transportation is not proper. The emissions from our vehicles—where are they being trapped? The waste we generate and the methane we produce—while we often claim that we do not contribute much to carbon dioxide emissions, we still do! Even if I contribute only 0.0002%, I am still contributing, and that harms our environment.”",,
"FGD3_P2,P7",Heat Exposure,Travel-related Exposure,,"Yes, it’s a bit hot when we go to the market.The roads are paved. The heat rises from the paved roads. Yes, that’s true. The heat we feel from the market comes from the road.",,
KII_P2,Heat Exposure,Travel-related Exposure,,The general public who use buses or rickshaws regularly have to go outside for a certain period.,,
KII_P7,Heat Exposure,Travel-related Exposure,," “It's quite natural that heat effects are more in urban areas. The pressure from traffic, then the emitted gases, smoke, engine heat.”",,
FGD2_P6,Health Impact,Treatment,,"I mean, I took him to a pharmacy.",,
FGD-4_P1,Health Impact,Treatment,,"“Yes, you need medicine, like saline.”",,
FGD-4_P5,Health Impact,Treatment,,"“Sometimes, we buy a ticket for 3 Taka from a government hospital.”",,
FGD-4_P5,Health Impact,Treatment,,"“Yes, at the government hospital. After telling them about the issue, they prescribe medicine. Some are free from the government, and the ones we need to buy, we pay for them.”",,
FGD-4_P6,Health Impact,Treatment,,"“If there’s a serious issue, I go to the doctor. Otherwise, I just buy medicine from the pharmacy.”",,
FGD-5_P10,Health Impact,Treatment,,"“No, that’s it. When someone becomes senseless from the heat, we lay them down here and give them water. Once they feel better, we send them to the hospital if needed.”",,
FGD-6_P4,Health Impact,Treatment,," “If you get sick, you have to take them.”",,
FGD7_P9, Heat Exposure,Tree Cover,,"When we talk about more heat, in rural areas, you’ll see a lot of trees and greenery. But in Dhaka city, you’ll notice that there aren’t many trees or greenery in most places. That’s why the temperature is higher. In the villages, even if you don’t get anything else, you’ll still have fresh air from the trees. But in the city, we don’t get that, which is why the temperature is higher here.",,
"FGD-4_P1,P2,P3,P6",Heat Exposure,Tree Cover,,“There are no trees.”,,
FGD-4_P6,Heat Exposure,Tree Cover,,"“Yes, and there aren’t any trees either.” ",,
FGD-5_P11,Heat Exposure,Tree Cover,,"“It’s not just about Old Town. (P2: From Nawabpur, for example.) Look at the number of trees in Ramna Park versus how many trees are in Old Dhaka. If you calculate, you’ll see the difference. Ramna Park has trees, while Old Dhaka has none.”",,
FGD-5_P11,Heat Exposure,Tree Cover,,"“Buildings, factories, people, vehicles—there are no trees. (P8: Not a single tree.)”",,
FGD-5_P5,Heat Exposure,Tree Cover,,"“there are no trees around. So, the smoke, the crowd, and the lack of greenery all contribute to the heat.”",,
FGD-5_P6,Heat Exposure,Tree Cover,,"“Yes, the absence of trees definitely increases the heat.”",,
FGD-5_P8,Heat Exposure,Tree Cover,,“There aren’t any trees within 5-6 kilometers.”,,
FGD-5_P8,Heat Exposure,Tree Cover,,“Not a single tree.”,,
FGD-5_P8,Heat Exposure,Tree Cover,,“There’s not a single tree here.”,,
FGD-6_P1,Heat Exposure,Tree Cover,,"“Around here, there’s less greenery, so it feels hotter.”",,
FGD-6_P3,Heat Exposure,Tree Cover,," “Also, in a city like Dhaka, there isn’t much greenery anyway. That’s one reason.”",,
FGD-6_P6,Heat Exposure,Tree Cover,,"“It could be due to several factors, one of which is the lack of greenery.”",,
FGD-8_P1,Heat Exposure,Tree Cover,,"On the other hand, in areas like Gulshan or Banani, even if there are big buildings, you’ll still find large trees along the roads. Absolutely. That’s why it feels a bit cooler in those areas.",,
FGD-8_P10,Heat Exposure,Tree Cover,,"A few days ago, during the time when the temperature was around 40–43 degrees Celsius, I went to Ramna Road in the afternoon. As soon as I got there, I felt like it wasn’t hot at all—it was cool and pleasant. And I thought, why is that? It’s because the roads on both sides were lined with big trees, providing shade. That’s the only reason it felt cool there.",,
KII_P7,Heat Exposure,Tree Cover,,"“Additionally, Dhaka city has less green area, and this could be one of the factors. There are hundreds of such reasons. Those who do research would provide further reasons.”",,
FGD2_P2,Recommended Adaptation Strategies,Tree plantation,,"Yes, there are trees and plants around.",,
"FGD2_P6,P2,P9",Recommended Adaptation Strategies,Tree Plantation,,"If trees are planted along all the roads, it would greatly reduce the heat impact.You know, they are cutting all the trees near our place while they’re working. More trees would reduce the heat.If they plant a tree after the roadwork is done, it will provide shade.",,
FGD3_P1,Recommended Adaptation Strategies,Tree plantation,,"Yes, everyone has planted trees. Suppose you own five kathas of land you’d plant trees around the perimeter and build your house in the middle.",,
FGD7_P7,Recommended Adaptation Strategies,Tree Plantation,,"If there was more space, maybe trees could have been planted. But planting trees on narrow roads would make them even more cramped.",,
FGD7_P7,Recommended Adaptation Strategies,Tree Plantation,,"Yes, planting trees would help.",,
FGD-8_P2,Recommended Adaptation Strategies,tree plantation,,"Planting trees can reduce heat. For example, in my father’s village in Keraniganj, we never experienced this kind of heat while growing up because of the abundance of trees.",,
FGD-8_P5,Recommended Adaptation Strategies,tree plantation,,"There is space. For example, the roadside areas where shops are set up—if those shops weren’t there, the landlords could plant trees instead of renting out the space. But I don’t think they’d do that.",,
KII_P3,Recommended Adaptation Strategies,Tree Plantation,,"To reduce heat, there are two ways: one is to create more water bodies, and the other is to plant a significant number of trees. In public spaces, in occupied areas, and on traffic islands, planting trees is the only way, and this requires everyone's participation.",,
KII_P5,Recommended Adaptation Strategies,Tree Plantation,,"Therefore, we are prioritizing certain trees that can absorb heat, capture carbon dioxide, and play a significant role in cooling the environment.",,
KII_P5,Recommended Adaptation Strategies,Tree Plantation,,"We are considering an urban lifeline policy, where in these areas, if there is any housing or any project under a housing authority, we had a meeting last year with various private housing authorities. We told them that the land they are filling with sand, if they could at least add green vegetation or agriculture, there would be some production, and the land would be used. At least there would be something productive. Having green vegetation would help to regulate the temperature, and this would play a significant role in making the temperature more tolerable.",,
KII_P5,Recommended Adaptation Strategies,Tree Plantation,,"we mentioned that there are 65 ponds, and definitely, around these ponds, the banks are still empty. If we create a scope for planting trees on these banks, then surely, some trees there can play a role in the environment, and that role could be very important.",,
KII_P7,Recommended Adaptation Strategies,Tree Plantation,,"“The environment needs to be protected. That’s the only thing. The environment needs to be protected. The public in Dhaka city, which is densely populated, needs to be protected. And planting trees, doing other things… these need to be done gradually.”",,
KII_P8,Recommended Adaptation Strategies,Tree Plantation,,"“Additionally, during Annisul Huq’s tenure in the city corporation, he initiated a large-scale plantation program. The goal was to ensure year-round tree planting along road dividers and available roadside spaces. I am not sure if the city corporation is still continuing this initiative, but it is definitely necessary. The more greenery we create, the more we can reduce temperatures. This should be a continuous process.”",,
"FGD2_P2,P3",Barriers to Coping Heat,Unavailability of government services,,It’s mostly a personal initiative now,,
"FGD2_P2,P8",Barriers to Coping Heat,Unavailability of government services,,"They don’t plant any. They give projects, but implementation doesn’t happen.",,
FGD2_P3,Barriers to Coping Heat,Unavailability of government services,,"No, there is nothing (drinking water supply) like that here.",,
FGD2_P6,Barriers to Coping Heat,Unavailability of government services,,"If someone falls sick due to heat, is there no immediate system or arrangement for treatment?No, we can't do anything else suddenly.",,
FGD2_P7,Barriers to Coping Heat,Unavailability of government services,,"No, we haven’t received any kind of help like that from the government",,
"FGD3_P2,P4,P8,P9",Barriers to Coping Heat,Unavailability of government services,,"No, no government facility. It’s privately owned. People in this area haven’t received anything from the government yet.",,
"FGD3_P7,P9",Barriers to Coping Heat,Unavailability of government services,,"It's like everyone is doing whatever they can. If they did something, you’d still be stuck. You could’ve used our road instead. ",,
"FGD3_P9,P3,P2,P4",Barriers to Coping Heat,Unavailability of government services,,"No, we haven't seen any such facilities in this area. R: Have you seen anything like that in other areas? We saw something like this when Awami League came 15/16 years ago. In Kachkura, in Ward 44, I haven't seen anything like that. No, it hasn’t happened. I've worked in the entire Ward 44 from the Chairman’s time, and I haven’t seen anything like that either. No one has seen it. It hasn’t happened yet.",,
FGD-4_P3,Barriers to Coping Heat,Unavailability of Government Services,," “The government should assign someone to look after these places and maintain the shelters. People who need a rest could sit and have a drink of water and then continue their work. But some people misuse the space, and it becomes unsuitable for others. There are many people in Dhaka those do not have any place to live, floating population. They disrupt the environment of the places.”",,
FGD-4_P4,Barriers to Coping Heat,Unavailability of Government Services,,"“If they try, everything can be done. If they don’t try, nothing will happen.”",,
FGD-9_P10,Barriers to Coping Heat,Unavailability of Government Services,,"Yes, when environmental inspectors come, the factory is shut down at that time.",,
FGD-9_P9,Barriers to Coping Heat,Unavailability of Government Services,,"Currently, there’s not much in terms of medical facilities.",,
KII_P1,Barriers to Coping Heat,Unavailability of Government Services,,"Ah! For Dhaka, that’s a good question. Logically, an infrastructure-based system would be better, but whether it would work in Dhaka—I really doubt it. Because here, we can’t even maintain the drainage system properly or manage solid waste effectively. It’s very wishful thinking to expect water to come from such a system and cool down Dhaka city. Yes, theoretically, it is possible, and some journals may even suggest it. But as an element of this city, I still don’t have strong confidence in it.",,
"P3,P7",Barriers to Coping Heat,Unavailability of government services,,"After the playground, swimming pools are also left empty. None of them are effective. Government land is left unused.",,
P9,Barriers to Coping Heat,"Unavailability of government services, Unimplimentation of plans",,"I have a relative who lives near Brac University, and despite the large buildings there, there’s not a single tree around",,
"FGD3_P2,P3,P7,P9",Health Impact,Unavailability of Treatment,,"No, no. there are none here.",,
FGD7_P6,Adaptive capacity,Using Hand Fan,,"""And what about using hand fans?"" -""Yes, we use those too.""","Since there are frequent electricity outages, people rely on using hand fans. This helps to reduce the discomfort a little. Also, while traveling in a vehicle, hand fans are useful.",
FGD2_P6,Adaptive capacity,Using Hand Fan,,"People are experiencing discomfort. For example, this year’s heat has caused significant unease. Like, many times I sold hand fans due to the heat, but even selling fans didn’t meet the demand",,
FGD-6_P6,Adaptive capacity,Using Hand Fan,,“Sometimes we use hand fans.”,,
KII_P3,Adaptive capacity,Using Umbrella,,"If we talk about the city corporation, our efforts really started last year. The initiatives included ensuring access to potable water at our ten regional offices when the heatwave struck so that people could drink water. Besides these ten regional offices, we also provided potable water in places with high public gatherings. We arranged umbrellas for rickshaw pullers in some locations. We started spreading awareness messages on social media about how people could protect themselves from heat stress. We conducted media campaigns as well. These are the activities we have carried out.","Some participants said they carry and use umbrellas, while a few noted that umbrellas are not very convenient or useful in this crouching heat.",
FGD-5_P10,Adaptive capacity,Using Umbrella,,"“Some do, some don’t. Many find it inconvenient and don’t use them (M: Rarely?). Rarely anyone uses umbrellas.”",,
FGD-5_P8,Adaptive capacity,Using Umbrella,,"“Yes, we do (P2: Yes, everyone has umbrellas).”",,
"FGD-6_P2,P4,P6",Adaptive capacity,Using Umbrella,,"“Yes, we do.”",,
FGD-9_P1,Adaptive capacity,Using Umbrella,,"Besides, not many people keep umbrellas. Having an umbrella is also a hassle—you have to hold it with your hand. And sometimes, there’s no proper place to tie it down.",,
FGD-9_P5,Adaptive capacity,Using Umbrella,,"Even if we use umbrellas, they don’t really help with this heat.",,
"FGD3_P1,P6",Adaptive Capacity,Using Umbrellas,,We use umbrellas.,,
KII_P1,Adaptive capacity,Vegetation Extent,,"One approach is what we always suggest—planting trees and ensuring water bodies. Another issue is spacing and openness of areas to facilitate better air circulation. Additionally, materials used in construction, such as rods, play a major role. We need to explore how we can change these materials. In Dhaka, it's not only about heat but also about smart materials, which is another important aspect to consider.",,
FGD-4_P3,Heat Exposure,Vehicles,,“There are too many vehicles; the traffic is unbearable.”,,
FGD-4_P3,Heat Exposure,Vehicles,," “Yes, it feels less hot when there’s no heat from the cars.”",,
FGD-4_P3,Heat Exposure,Vehicles,,"“The heat on the road comes from vehicles, not from nature. The heat comes from the engines of motorcycles, trucks, private cars, and all other vehicles. The engines are running constantly, and the heat from the engines evaporates and affects people's bodies.”",,
FGD-4_P5,Heat Exposure,Vehicles,,"“Yes, the heat increases because of the cars.”",,
FGD-4_P6,Heat Exposure,Vehicles,,“And vehicle emissions add to it.”,,
FGD-5_P11,Heat Exposure,Vehicles,,"“Heat increases due to vehicles, factories, and population.”",,
FGD-5_P11,Heat Exposure,Vehicles,,"“Then there’s the heat generated by engines, motors, and electricity. (M: Okay.) Compared to the number of people, there are too many vehicles in Dhaka. Some are without fitness, and some are with it.”",,
FGD-5_P5,Heat Exposure,Vehicles,,"“About the heat, I’d like to say that the primary reason for it is the city itself. Gulistan is full of vehicles-----”",,
FGD-5_P5,Heat Exposure,Vehicles,,"“There are too many vehicles here. Then there’s the use of AC, and there are no trees around. So, the smoke, the crowd, and the lack of greenery all contribute to the heat.”",,
KII_P8,Heat Exposure,Waste and Stagnant water,," “Waste management is another issue—we dump waste, but we don’t manage it properly. The methane produced from this is significant. We are an agriculture-dependent country, and emissions from agricultural fields are substantial. If you calculate the emissions within Dhaka city, you will see that there are still some agricultural fields in and around the city. In Dhaka and its surroundings, there are areas used as floodplains, where cattle are also raised. So, where does the methane from these sources go?”",,
KII_P1,Adaptive capacity,Water Spraying,,"Ah! In some Western countries, they spray water in public places, such as bus stops or railway stations. But I have seen some of them using this sort of heavy clothing, and they also allow half-sleeve shirts or T-shirts even for official purposes (for example, Japan introduced such a rule). Right, that's mostly it!","Participants described a range of adaptive strategies used to cope with extreme heat at both community and household levels. One KII participant referred to heat adaptation measures implemented in other countries, such as spraying water in crowded public spaces to reduce ambient temperature and adopting more flexible dress codes that encourage the use of lightweight and breathable clothing, including cotton half-sleeve shirts or t-shirts, even in formal settings. At the household level, lower-income populations reported using low-cost and easily accessible cooling techniques to reduce indoor heat. These included placing soaked cloths over windows to allow cooler air to circulate into the room, sprinkling water on floors to reduce indoor temperature, and pouring water on rooftops to cool the roof surface and minimize heat inside the home. Participants perceived these practices as practical coping mechanisms during periods of extreme heat and heatwaves.",
FGD-8_P5,Adaptive capacity,Water Spraying,,"though I don’t exactly remember who—what they do is pour water, soak clothes, and put them over windows or doors, and on the floor they spread soaked sheets or scarves. You pour water on the floor? Yes. It cools things down a bit, so we can sleep, otherwise, it’s impossible. Yes, at night.During the day? During the day, the cloth remains there, but no additional water is poured like at night.",,
FGD-8_P6,Adaptive capacity,Water Spraying,,Sometimes they add a layer of insulation or spray water on the tin—it reduces the heat slightly.,,
FGD2_P6,Recommended Adaptation Strategies,Water Spraying,,"He fainted, so I held him and immediately took him to a nearby pharmacy. Once there, I poured water on his head.",,
FGD-4_P1,Recommended Adaptation Strategies,Water Spraying,,"“I think if water is sprayed on the roads in Dhaka, it would help cool down the atmosphere.”",,
FGD-4_P1,Recommended Adaptation Strategies,Water Spraying,,"“If water is sprayed on the roads, it will reduce the dust and the weather will feel lighter.”",,
FGD-4_P3,Recommended Adaptation Strategies,Water Spraying,,"""I believe spraying water on the roads is very necessary. In the winter season, when everyone gets a cold or cough, spraying water on the roads helps. During winter, there is a lot of dust because there's no water. If water is sprayed on the roads in winter, it will help reduce the dust for people who walk. People already suffer from colds in winter, and the dust makes it worse. If water is sprayed during winter, it will be beneficial. In summer, water becomes scarce, so it's not possible to do that.”",,
FGD-4_P3,Recommended Adaptation Strategies,Water Spraying,,"“I believe water should be sprayed in the winter. In the summer, we get enough rain, once or twice a week”",,
FGD-5_P11,Recommended Adaptation Strategies,Water Spraying,,"“To cool down the roads, we need to spray water. Vehicles should spray water, which will help reduce road heat to some extent. (P2: If you spray water, it feels cooler.) However, no matter what we do, unless we plant trees, there’s no real alternative. Spraying water is just temporary.”",,
FGD-5_P2,Recommended Adaptation Strategies,Water Spraying,,“And it will reduce the dust as well. (M: The dust will be reduced.) Both dust and heat will feel less severe.”,,
FGD-5_P8,Recommended Adaptation Strategies,Water Spraying,,“Spray water and plant more trees...”,,
FGD-6_P1,Recommended Adaptation Strategies,Water Spraying,,“I think they mean water spray.”,,
FGD7_P3,Recommended Adaptation Strategies,Water Spraying,,"Yes, it would reduce both heat and dirt.",,
FGD7_P7,Recommended Adaptation Strategies,Water Spraying,,"In some places, we heard suggestions about using artificial rainfall or sprinkling water on the roads with vehicles. Yes, yes.",,
FGD7_P7,Recommended Adaptation Strategies,Water Spraying,,"Sprinkling water on the roads would reduce both the temperature and the dirt, keeping the area cleaner.",,
FGD7_P9,Recommended Adaptation Strategies,Water Spraying,,"Some people pour water on the roof at night. It gives a bit of relief, but the heat remains strong.",,
KII_P5,Recommended Adaptation Strategies,Water Spraying,,"If it’s really to be done, then definitely, the system where there’s a pipeline through the median is the best option. If you were to do that, you wouldn’t have to bring separate vehicles and spray water from road to road. When a vehicle sprays water, it consumes fuel, and that vehicle also emits smoke, which contributes to pollution, right? So, I think the safest option is to fit a pipe system in the median of the road if possible. That would be much better.",,
KII_P7,Recommended Adaptation Strategies,Water Spraying,,"“Will this be effective for the heatwave? It may be effective for pollution, to reduce the heat of the roads... but as a science student, if you spray water, will it reduce the heat? It will heat up again after some time, and the water will absorb the heat, and in the atmosphere, it will disperse. So, will this really be effective? And how much water can you spray? Dhaka city has a certain capacity, and you cannot control the heat of the entire city just by spraying water. For the main areas, it may have some effect, but for the whole of Dhaka, controlling heat by spraying water doesn’t seem feasible to me.”",,
KII_P8,Recommended Adaptation Strategies,Water Spraying,,"“As for the practice of spraying water on roads during extreme heat, I have seen the city corporation deploying water tankers to cool down the streets. However, it is not feasible to do this throughout the year.”",,
KII_P8,Recommended Adaptation Strategies,Water Spraying,,"“It helps to some extent. It serves two purposes: first, it reduces dust pollution, which worsens in extreme heat and can cause breathing issues. Second, it slightly lowers the temperature. Even if the impact is small, I believe it is beneficial. This practice is common in other countries too. Whenever they notice a temperature increase of about two degrees, they immediately start spraying water on the roads to control both dust and temperature.”",,
FGD-9_P5,Barriers to Coping Heat,Work Hour Reduction,,"For us, it starts at 8 in the morning and can go on till 9 or even 10 at night.",,
FGD2_P2,Important quote,,,The heat is worse this year than last year,,
